Exchange,Symbol,TradingSymbol,Token,Instrument
NSE,Nifty 50,NIFTY INDEX,26000,INDEX
NSE,Nifty Bank,NIFTY BANK,26009,INDEX
NSE,INDIAVIX,INDIA VIX,26017,INDEX
NSE,Nifty Fin Services,FINNIFTY,26037,INDEX
NSE,NIFTY MID SELECT,MIDCPNIFTY,26074,INDEX
NSE,Nifty Next 50,NIFTYNXT50,26013,INDEX
NSE,ZYDUSWELL,ZYDUSWELL-EQ,17635,EQ
NSE,ZYDUSLIFE,ZYDUSLIFE-EQ,7929,EQ
NSE,ZUARIIND,ZUARIIND-EQ,3827,EQ
NSE,ZUARI,ZUARI-EQ,29050,EQ
NSE,ZTECH,ZTECH-SM,23976,SM
NSE,ZSARACOM,ZSARACOM-EQ,762985,EQ
NSE,ZOTA,ZOTA-EQ,11394,EQ
NSE,ZODIACLOTH,ZODIACLOTH-EQ,3821,EQ
NSE,ZODIAC,ZODIAC-BE,7138,BE
NSE,ZIMLAB,ZIMLAB-BE,12412,BE
NSE,ZFSTEERING,ZFSTEERING-EQ,4229,EQ
NSE,ZFCVINDIA,ZFCVINDIA-EQ,16915,EQ
NSE,ZENTEC,ZENTEC-EQ,7508,EQ
NSE,ZENSARTECH,ZENSARTECH-EQ,1076,EQ
NSE,ZENITHSTL,ZENITHSTL-EQ,14562,EQ
NSE,ZENITHEXPO,ZENITHEXPO-EQ,4176,EQ
NSE,ZENITHDRUG,ZENITHDRUG-SM,22803,SM
NSE,ZEEMEDIA,ZEEMEDIA-EQ,14003,EQ
NSE,ZEELEARN,ZEELEARN-BE,20856,BE
NSE,ZEEL,ZEEL-EQ,3812,EQ
NSE,ZEAL,ZEAL-SM,17766,SM
NSE,ZAGGLE,ZAGGLE-EQ,18608,EQ
NSE,YUKEN,YUKEN-EQ,5501,EQ
NSE,YUDIZ,YUDIZ-SM,18040,SM
NSE,YESBANK,YESBANK-EQ,11915,EQ
NSE,YCCL,YCCL-SM,17627,SM
NSE,YATRA,YATRA-EQ,18760,EQ
NSE,YATHARTH,YATHARTH-EQ,17738,EQ
NSE,YASHOPTICS,YASHOPTICS-SM,23451,SM
NSE,YASHO,YASHO-EQ,18131,EQ
NSE,YAAP,YAAP-ST,760873,ST
NSE,XTGLOBAL,XTGLOBAL-EQ,25235,EQ
NSE,XPROINDIA,XPROINDIA-EQ,11407,EQ
NSE,XELPMOC,XELPMOC-EQ,8477,EQ
NSE,XCHANGING,XCHANGING-EQ,11705,EQ
NSE,WTICAB,WTICAB-SM,22725,SM
NSE,WSTCSTPAPR,WSTCSTPAPR-EQ,3799,EQ
NSE,WSI,WSI-EQ,14828,EQ
NSE,WPIL,WPIL-EQ,762978,EQ
NSE,WORTHPERI,WORTHPERI-EQ,22277,EQ
NSE,WONDERLA,WONDERLA-EQ,3002,EQ
NSE,WOMANCART,WOMANCART-SM,19627,SM
NSE,WOL3D,WOL3D-ST,25605,ST
NSE,WOCKPHARMA,WOCKPHARMA-EQ,7506,EQ
NSE,WIPRO,WIPRO-EQ,3787,EQ
NSE,WIPL,WIPL-EQ,20481,EQ
NSE,WINSOME,WINSOME-BZ,14757,BZ
NSE,WINSOL,WINSOL-SM,23714,SM
NSE,WINNY,WINNY-SM,24173,SM
NSE,WINDMACHIN,WINDMACHIN-EQ,24969,EQ
NSE,WINDLAS,WINDLAS-EQ,5366,EQ
NSE,WILLAMAGOR,WILLAMAGOR-EQ,3772,EQ
NSE,WHITEFORCE,WHITEFORCE-ST,757668,ST
NSE,WHIRLPOOL,WHIRLPOOL-EQ,18011,EQ
NSE,WHEELS,WHEELS-EQ,3766,EQ
NSE,WEWORK,WEWORK-EQ,759434,EQ
NSE,WEWIN,WEWIN-BE,9865,BE
NSE,WESTLIFE,WESTLIFE-EQ,11580,EQ
NSE,WENDT,WENDT-EQ,4235,EQ
NSE,WELSPUNLIV,WELSPUNLIV-EQ,11253,EQ
NSE,WELSPLSOL,WELSPLSOL-EQ,762971,EQ
NSE,WELINV,WELINV-BE,19804,BE
NSE,WELENT,WELENT-EQ,11626,EQ
NSE,WELCORP,WELCORP-EQ,11821,EQ
NSE,WEL,WEL-EQ,7835,EQ
NSE,WEIZMANIND,WEIZMANIND-EQ,3748,EQ
NSE,WEBELSOLAR,WEBELSOLAR-EQ,14602,EQ
NSE,WEALTH,WEALTH-EQ,1923,EQ
NSE,WCIL,WCIL-EQ,25403,EQ
NSE,WANBURY,WANBURY-EQ,14063,EQ
NSE,WALPAR,WALPAR-SM,5013,SM
NSE,WALCHANNAG,WALCHANNAG-EQ,3736,EQ
NSE,WAKEFIT,WAKEFIT-EQ,760259,EQ
NSE,WABAG,WABAG-EQ,20188,EQ
NSE,WAAREERTL,WAAREERTL-EQ,756038,EQ
NSE,WAAREEINDO,WAAREEINDO-EQ,19955,EQ
NSE,WAAREEENER,WAAREEENER-EQ,25907,EQ
NSE,VTL,VTL-EQ,2073,EQ
NSE,VSTTILLERS,VSTTILLERS-EQ,24292,EQ
NSE,VSTL,VSTL-EQ,22730,EQ
NSE,VSTIND,VSTIND-EQ,3724,EQ
NSE,VSSL,VSSL-EQ,27067,EQ
NSE,VSCL,VSCL-ST,20974,ST
NSE,VRLLOG,VRLLOG-EQ,8696,EQ
NSE,VRAJ,VRAJ-EQ,24321,EQ
NSE,VR,VR-SM,23018,SM
NSE,VPRPL,VPRPL-BE,18343,BE
NSE,VOLTAS,VOLTAS-EQ,3718,EQ
NSE,VOLTAMP,VOLTAMP-EQ,13577,EQ
NSE,VOLERCAR,VOLERCAR-SM,29658,SM
NSE,VOGL,VOGL-BE,750460,BE
NSE,VMSTMT,VMSTMT-BE,759153,BE
NSE,VMM,VMM-EQ,27969,EQ
NSE,VMART,VMART-EQ,29284,EQ
NSE,VMARCIND,VMARCIND-SM,3188,SM
NSE,VLSFINANCE,VLSFINANCE-EQ,3715,EQ
NSE,VLINFRA,VLINFRA-ST,24609,ST
NSE,VLEGOV,VLEGOV-BE,18021,BE
NSE,VIYASH,VIYASH-EQ,14296,EQ
NSE,VIVO,VIVO-SM,7610,SM
NSE,VIVIMEDLAB,VIVIMEDLAB-BE,11968,BE
NSE,VIVIDHA,VIVIDHA-EQ,29877,EQ
NSE,VIVIDEL,VIVIDEL-ST,761771,ST
NSE,VIVIANA,VIVIANA-BE,763637,BE
NSE,VITAL,VITAL-BE,761150,BE
NSE,VISL,VISL-BE,750324,BE
NSE,VISHWAS,VISHWAS-SM,23370,SM
NSE,VISHWARAJ,VISHWARAJ-EQ,13702,EQ
NSE,VISHNUINFR,VISHNUINFR-SM,19300,SM
NSE,VISHNU,VISHNU-EQ,6908,EQ
NSE,VISAMAN,VISAMAN-ST,24277,ST
NSE,VISAKAIND,VISAKAIND-EQ,4221,EQ
NSE,VISACHROME,VISACHROME-BE,13298,BE
NSE,VIRINCHI,VIRINCHI-EQ,15295,EQ
NSE,VIPULLTD,VIPULLTD-EQ,8424,EQ
NSE,VIPIND,VIPIND-EQ,3703,EQ
NSE,VIPCLOTHNG,VIPCLOTHNG-BE,14847,BE
NSE,VINYLINDIA,VINYLINDIA-EQ,16821,EQ
NSE,VINYAS,VINYAS-SM,19206,SM
NSE,VINSYS,VINSYS-SM,17898,SM
NSE,VINNY,VINNY-EQ,12490,EQ
NSE,VINEETLAB,VINEETLAB-BE,3809,BE
NSE,VINDHYATEL,VINDHYATEL-EQ,3694,EQ
NSE,VINCOFE,VINCOFE-EQ,25835,EQ
NSE,VINATIORGA,VINATIORGA-EQ,17364,EQ
NSE,VIMTALABS,VIMTALABS-EQ,13101,EQ
NSE,VILINBIO,VILINBIO-ST,16960,ST
NSE,VILAS,VILAS-SM,23909,SM
NSE,VIKRAN,VIKRAN-EQ,758973,EQ
NSE,VIKRAMSOLR,VIKRAMSOLR-EQ,759453,EQ
NSE,VIKASLIFE,VIKASLIFE-EQ,9931,EQ
NSE,VIKASECO,VIKASECO-EQ,25756,EQ
NSE,VIJIFIN,VIJIFIN-BE,17695,BE
NSE,VIJAYPD,VIJAYPD-ST,760124,ST
NSE,VIJAYA,VIJAYA-EQ,5585,EQ
NSE,VIGOR,VIGOR-ST,758908,ST
NSE,VIESL,VIESL-SM,25231,SM
NSE,VIDYAWIRES,VIDYAWIRES-EQ,760224,EQ
NSE,VIDHIING,VIDHIING-EQ,13536,EQ
NSE,VICTORYEV,VICTORYEV-ST,760694,ST
NSE,VIAZ,VIAZ-SM,14316,SM
NSE,VHLTD,VHLTD-BE,23386,BE
NSE,VHL,VHL-EQ,11892,EQ
NSE,VGUARD,VGUARD-EQ,15362,EQ
NSE,VGL,VGL-EQ,13771,EQ
NSE,VGINFOTECH,VGINFOTECH-SM,757060,SM
NSE,VETO,VETO-EQ,8652,EQ
NSE,VESUVIUS,VESUVIUS-EQ,3676,EQ
NSE,VERTOZ,VERTOZ-BE,18865,BE
NSE,VERTIS,VERTIS-IV,10757,IV
NSE,VERTIS,VERTIS-BL,10760,BL
NSE,VERTEXPLUS,VERTEXPLUS-SM,14491,SM
NSE,VERITAAS,VERITAAS-SM,23775,SM
NSE,VERANDA,VERANDA-EQ,8890,EQ
NSE,VERA,VERA-SM,2666,SM
NSE,VENUSREM,VENUSREM-BE,13856,BE
NSE,VENUSPIPES,VENUSPIPES-EQ,9592,EQ
NSE,VENTIVE,VENTIVE-EQ,28847,EQ
NSE,VENKEYS,VENKEYS-EQ,3757,EQ
NSE,VELS,VELS-SM,14590,SM
NSE,VELJAN,VELJAN-EQ,762966,EQ
NSE,VEEKAYEM,VEEKAYEM-ST,10713,ST
NSE,VEEDOL,VEEDOL-EQ,14019,EQ
NSE,VEDPOWER,VEDPOWER-BE,750550,BE
NSE,VEDL,VEDL-EQ,3063,EQ
NSE,VDEAL,VDEAL-SM,25054,SM
NSE,VCL,VCL-EQ,9020,EQ
NSE,VBL,VBL-EQ,18921,EQ
NSE,VASWANI,VASWANI-EQ,25340,EQ
NSE,VASCONEQ,VASCONEQ-BE,18114,BE
NSE,VASA,VASA-SM,1274,SM
NSE,VARROC,VARROC-EQ,3857,EQ
NSE,VARDMNPOLY,VARDMNPOLY-EQ,3646,EQ
NSE,VARDHACRLC,VARDHACRLC-EQ,11220,EQ
NSE,VAML,VAML-BE,750191,BE
NSE,VALUE360,VALUE360-SM,763304,SM
NSE,VALUE,VALUE-EQ,761511,EQ
NSE,VALIANTORG,VALIANTORG-EQ,330,EQ
NSE,VALIANTLAB,VALIANTLAB-BE,19220,BE
NSE,VAL30IETF,VAL30IETF-EQ,25851,EQ
NSE,VAKRANGEE,VAKRANGEE-EQ,13342,EQ
NSE,VAISHALI,VAISHALI-BE,16621,BE
NSE,VAIBHAVGBL,VAIBHAVGBL-EQ,11364,EQ
NSE,VADILALIND,VADILALIND-EQ,24196,EQ
NSE,V2RETAIL,V2RETAIL-EQ,14766,EQ
NSE,V1NSETEST,V1NSETEST-EQ,12863,EQ
NSE,UYFINCORP,UYFINCORP-EQ,25626,EQ
NSE,UWCSL,UWCSL-SM,5945,SM
NSE,UTTAMSUGAR,UTTAMSUGAR-EQ,13376,EQ
NSE,UTSSAV,UTSSAV-ST,24729,ST
NSE,UTLSOLAR,UTLSOLAR-BE,759888,BE
NSE,UTKARSHBNK,UTKARSHBNK-EQ,17358,EQ
NSE,UTKAL,UTKAL-ST,751587,ST
NSE,UTIRPP36P1,UTIRPP36P1-MF,14401,MF
NSE,UTIRGR36P1,UTIRGR36P1-MF,14399,MF
NSE,UTIDPP36P1,UTIDPP36P1-MF,14395,MF
NSE,UTIDGR36P1,UTIDGR36P1-MF,14394,MF
NSE,UTIAMC,UTIAMC-EQ,527,EQ
NSE,UTFIAIPRRI,UTFIAIPRRI-MF,24061,MF
NSE,UTFIAIPRPI,UTFIAIPRPI-MF,24058,MF
NSE,UTFIAIPRGI,UTFIAIPRGI-MF,24055,MF
NSE,UTFIAIPIGI,UTFIAIPIGI-MF,24049,MF
NSE,UTFDAIPIPI,UTFDAIPIPI-MF,30426,MF
NSE,UTFDAIPIGI,UTFDAIPIGI-MF,30425,MF
NSE,USK,USK-EQ,14871,EQ
NSE,USHAMART,USHAMART-EQ,8840,EQ
NSE,USHAFIN,USHAFIN-SM,25952,SM
NSE,USASEEDS,USASEEDS-SM,10610,SM
NSE,URJA,URJA-EQ,20203,EQ
NSE,URBANCO,URBANCO-EQ,759084,EQ
NSE,URBAN,URBAN-SM,16888,SM
NSE,URAVIDEF,URAVIDEF-EQ,17071,EQ
NSE,UPL,UPL-EQ,11287,EQ
NSE,UNOMINDA,UNOMINDA-EQ,14154,EQ
NSE,UNIVPHOTO,UNIVPHOTO-BE,17661,BE
NSE,UNIVCABLES,UNIVCABLES-EQ,3607,EQ
NSE,UNIVASTU,UNIVASTU-EQ,18977,EQ
NSE,UNITEDTEA,UNITEDTEA-EQ,17999,EQ
NSE,UNITEDPOLY,UNITEDPOLY-BE,7564,BE
NSE,UNITECH,UNITECH-EQ,3594,EQ
NSE,UNITDSPR,UNITDSPR-EQ,10447,EQ
NSE,UNIPARTS,UNIPARTS-EQ,13057,EQ
NSE,UNIONGOLD,UNIONGOLD-EQ,29687,EQ
NSE,UNIONBANK,UNIONBANK-EQ,10753,EQ
NSE,UNIMECH,UNIMECH-EQ,28960,EQ
NSE,UNILEX,UNILEX-SM,25633,SM
NSE,UNIINFO,UNIINFO-BE,7797,BE
NSE,UNIHEALTH,UNIHEALTH-ST,18591,ST
NSE,UNIENTER,UNIENTER-EQ,11293,EQ
NSE,UNIECOM,UNIECOM-EQ,24809,EQ
NSE,UNIDT,UNIDT-BE,204,BE
NSE,UNICHEMLAB,UNICHEMLAB-EQ,3579,EQ
NSE,UMIYA-MRO,UMIYA-MRO-EQ,8998,EQ
NSE,UMESLTD,UMESLTD-BE,19145,BE
NSE,UMAEXPORTS,UMAEXPORTS-BE,8845,BE
NSE,UMA,UMA-SM,13349,SM
NSE,ULTRAMAR,ULTRAMAR-EQ,762961,EQ
NSE,ULTRACEMCO,ULTRACEMCO-EQ,11532,EQ
NSE,UJJIVANSFB,UJJIVANSFB-EQ,15228,EQ
NSE,UHTL,UHTL-ST,25938,ST
NSE,UGROCAP,UGROCAP-EQ,5313,EQ
NSE,UGARSUGAR,UGARSUGAR-EQ,19578,EQ
NSE,UFO,UFO-EQ,9039,EQ
NSE,UFLEX,UFLEX-EQ,1053,EQ
NSE,UFBL,UFBL-EQ,3127,EQ
NSE,UEL,UEL-EQ,23507,EQ
NSE,UDS,UDS-EQ,19113,EQ
NSE,UCOBANK,UCOBANK-EQ,11223,EQ
NSE,UCL,UCL-ST,4214,ST
NSE,UCAL,UCAL-EQ,3570,EQ
NSE,UBL,UBL-EQ,16713,EQ
NSE,TWCGOLDETF,TWCGOLDETF-EQ,760482,EQ
NSE,TVVISION,TVVISION-EQ,18504,EQ
NSE,TVTODAY,TVTODAY-EQ,11275,EQ
NSE,TVSSRICHAK,TVSSRICHAK-EQ,14245,EQ
NSE,TVSSCS,TVSSCS-EQ,18151,EQ
NSE,TVSMOTOR,TVSMOTOR-EQ,8479,EQ
NSE,TVSMNCRPS,TVSMNCRPS-P1,761141,P1
NSE,TVSINVIT,TVSINVIT-IV,758598,IV
NSE,TVSINVIT,TVSINVIT-BL,758601,BL
NSE,TVSHLTD,TVSHLTD-EQ,29008,EQ
NSE,TVSELECT,TVSELECT-EQ,11265,EQ
NSE,TUNWAL,TUNWAL-SM,24520,SM
NSE,TTML,TTML-EQ,8954,EQ
NSE,TTL,TTL-EQ,14314,EQ
NSE,TTKPRESTIG,TTKPRESTIG-EQ,3546,EQ
NSE,TTKHLTCARE,TTKHLTCARE-EQ,11369,EQ
NSE,TSFINV,TSFINV-EQ,2183,EQ
NSE,TSC,TSC-SM,757858,SM
NSE,TRUST,TRUST-SM,23417,SM
NSE,TRUALT,TRUALT-EQ,759210,EQ
NSE,TRU,TRU-EQ,9378,EQ
NSE,TROM,TROM-ST,24645,ST
NSE,TRIVENI,TRIVENI-EQ,13081,EQ
NSE,TRITURBINE,TRITURBINE-EQ,25584,EQ
NSE,TRIGYN,TRIGYN-EQ,5428,EQ
NSE,TRIDHYA,TRIDHYA-SM,17210,SM
NSE,TRIDENT,TRIDENT-EQ,9685,EQ
NSE,TRF,TRF-EQ,17987,EQ
NSE,TRENT,TRENT-EQ,1964,EQ
NSE,TREL,TREL-EQ,17795,EQ
NSE,TREJHARA,TREJHARA-EQ,7518,EQ
NSE,TREEHOUSE,TREEHOUSE-EQ,25082,EQ
NSE,TRAVELFOOD,TRAVELFOOD-EQ,757545,EQ
NSE,TRANSWORLD,TRANSWORLD-EQ,3129,EQ
NSE,TRANSWIND,TRANSWIND-SM,21260,SM
NSE,TRANSTEEL,TRANSTEEL-SM,19801,SM
NSE,TRANSRAILL,TRANSRAILL-EQ,28714,EQ
NSE,TRANSPEK,TRANSPEK-EQ,3531,EQ
NSE,TRACXN,TRACXN-EQ,11582,EQ
NSE,TPLPLASTEH,TPLPLASTEH-EQ,9219,EQ
NSE,TPL26,TPL26-N3,20622,N3
NSE,TPHQ,TPHQ-EQ,16996,EQ
NSE,TOUCHWOOD,TOUCHWOOD-EQ,16908,EQ
NSE,TOTAL,TOTAL-EQ,22423,EQ
NSE,TORNTPOWER,TORNTPOWER-EQ,13786,EQ
NSE,TORNTPHARM,TORNTPHARM-EQ,3518,EQ
NSE,TOP20,TOP20-EQ,760415,EQ
NSE,TOP15IETF,TOP15IETF-EQ,757781,EQ
NSE,TOP10ADD,TOP10ADD-EQ,25171,EQ
NSE,TOP100CASE,TOP100CASE-EQ,24081,EQ
NSE,TOLINS,TOLINS-EQ,25262,EQ
NSE,TOKYOPLAST,TOKYOPLAST-BE,9710,BE
NSE,TNTELE,TNTELE-EQ,3512,EQ
NSE,TNPL,TNPL-EQ,3980,EQ
NSE,TNPETRO,TNPETRO-EQ,3509,EQ
NSE,TNIDETF,TNIDETF-EQ,8882,EQ
NSE,TMPV,TMPV-EQ,3456,EQ
NSE,TMCV,TMCV-EQ,759782,EQ
NSE,TMB,TMB-EQ,10945,EQ
NSE,TITAN,TITAN-EQ,3506,EQ
NSE,TITAGARH,TITAGARH-EQ,15414,EQ
NSE,TIT45,TIT45-N0,760720,N0
NSE,TIRUPATIFL,TIRUPATIFL-BE,22284,BE
NSE,TIRUPATI,TIRUPATI-SM,21868,SM
NSE,TIRUMALCHM,TIRUMALCHM-EQ,3496,EQ
NSE,TIPSMUSIC,TIPSMUSIC-EQ,9117,EQ
NSE,TIPSFILMS,TIPSFILMS-EQ,11374,EQ
NSE,TINNARUBR,TINNARUBR-EQ,756020,EQ
NSE,TIMKEN,TIMKEN-EQ,14198,EQ
NSE,TIMEX,TIMEX-EQ,762954,EQ
NSE,TIMETECHNO,TIMETECHNO-EQ,14707,EQ
NSE,TIMESCAN,TIMESCAN-SM,7800,SM
NSE,TIL,TIL-EQ,3484,EQ
NSE,TIJARIA,TIJARIA-EQ,25482,EQ
NSE,TIINDIA,TIINDIA-EQ,312,EQ
NSE,TIIL,TIIL-EQ,14223,EQ
NSE,TIGERLOGS,TIGERLOGS-BE,759179,BE
NSE,TICL,TICL-EQ,19501,EQ
NSE,TI,TI-EQ,19196,EQ
NSE,THYROCARE,THYROCARE-EQ,17032,EQ
NSE,THOMASCOTT,THOMASCOTT-EQ,31017,EQ
NSE,THOMASCOOK,THOMASCOOK-EQ,3481,EQ
NSE,THESL,THESL-SM,25648,SM
NSE,THERMAX,THERMAX-EQ,3475,EQ
NSE,THEMISMED,THEMISMED-EQ,14485,EQ
NSE,THELEELA,THELEELA-EQ,757014,EQ
NSE,THEJO,THEJO-EQ,19279,EQ
NSE,THEINVEST,THEINVEST-EQ,21427,EQ
NSE,THANGAMAYL,THANGAMAYL-EQ,18118,EQ
NSE,THAKDEV,THAKDEV-EQ,762949,EQ
NSE,THACKER,THACKER-BE,762947,BE
NSE,TGL,TGL-SM,23526,SM
NSE,TGBHOTELS,TGBHOTELS-EQ,14607,EQ
NSE,TFL,TFL-EQ,14319,EQ
NSE,TFCILTD,TFCILTD-EQ,3466,EQ
NSE,TEXRAIL,TEXRAIL-EQ,21828,EQ
NSE,TEXMOPIPES,TEXMOPIPES-EQ,18214,EQ
NSE,TEXINFRA,TEXINFRA-EQ,11549,EQ
NSE,TERASOFT,TERASOFT-EQ,19292,EQ
NSE,TENNIND,TENNIND-EQ,759880,EQ
NSE,TEMBO,TEMBO-EQ,3275,EQ
NSE,TEJASNET,TEJASNET-EQ,21131,EQ
NSE,TEJASCARGO,TEJASCARGO-SM,29723,SM
NSE,TEGA,TEGA-EQ,7105,EQ
NSE,TECILCHEM,TECILCHEM-EQ,3453,EQ
NSE,TECHNVISN,TECHNVISN-EQ,762939,EQ
NSE,TECHNOE,TECHNOE-EQ,6445,EQ
NSE,TECHM,TECHM-EQ,13538,EQ
NSE,TECHLABS,TECHLABS-ST,21093,ST
NSE,TECHERA,TECHERA-SM,25652,SM
NSE,TECHD,TECHD-ST,759141,ST
NSE,TECH,TECH-EQ,6462,EQ
NSE,TEAMTECH,TEAMTECH-SM,763568,SM
NSE,TEAMLEASE,TEAMLEASE-EQ,12716,EQ
NSE,TEAMGTY,TEAMGTY-EQ,10717,EQ
NSE,TDPOWERSYS,TDPOWERSYS-EQ,25178,EQ
NSE,TCS,TCS-EQ,11536,EQ
NSE,TCPLPACK,TCPLPACK-EQ,184,EQ
NSE,TCL,TCL-SM,22777,SM
NSE,TCIFINANCE,TCIFINANCE-BE,8722,BE
NSE,TCIEXP,TCIEXP-EQ,19223,EQ
NSE,TCI,TCI-EQ,10580,EQ
NSE,TCHF30,TCHF30-NB,16894,NB
NSE,TCC,TCC-EQ,761814,EQ
NSE,TBZ,TBZ-EQ,27037,EQ
NSE,TBOTEK,TBOTEK-EQ,23740,EQ
NSE,TBI,TBI-SM,24019,SM
NSE,TAURIAN,TAURIAN-SM,759756,SM
NSE,TATVA,TATVA-EQ,5162,EQ
NSE,TATSILV,TATSILV-EQ,21428,EQ
NSE,TATATECH,TATATECH-EQ,20293,EQ
NSE,TATASTEEL,TATASTEEL-EQ,3499,EQ
NSE,TATAPOWER,TATAPOWER-EQ,3426,EQ
NSE,TATAINVEST,TATAINVEST-EQ,1621,EQ
NSE,TATAGOLD,TATAGOLD-EQ,21401,EQ
NSE,TATAELXSI,TATAELXSI-EQ,3411,EQ
NSE,TATACONSUM,TATACONSUM-EQ,3432,EQ
NSE,TATACOMM,TATACOMM-EQ,3721,EQ
NSE,TATACHEM,TATACHEM-EQ,3405,EQ
NSE,TATACAP,TATACAP-EQ,759265,EQ
NSE,TASTYBITE,TASTYBITE-EQ,20092,EQ
NSE,TARSONS,TARSONS-EQ,6943,EQ
NSE,TARMAT,TARMAT-EQ,14771,EQ
NSE,TARIL,TARIL-EQ,15174,EQ
NSE,TARC,TARC-EQ,1581,EQ
NSE,TARAPUR,TARAPUR-EQ,18827,EQ
NSE,TARACHAND,TARACHAND-EQ,23512,EQ
NSE,TAPIFRUIT,TAPIFRUIT-SM,10986,SM
NSE,TANLA,TANLA-EQ,13976,EQ
NSE,TANKUP,TANKUP-ST,756338,ST
NSE,TAMBOLIIN,TAMBOLIIN-EQ,762934,EQ
NSE,TALBROAUTO,TALBROAUTO-EQ,13648,EQ
NSE,TAKE,TAKE-BE,14920,BE
NSE,TAJGVK,TAJGVK-EQ,9354,EQ
NSE,TAINWALCHM,TAINWALCHM-EQ,3396,EQ
NSE,TACA29,TACA29-N0,763534,N0
NSE,TAC,TAC-SM,23438,SM
NSE,TAALTECH,TAALTECH-EQ,762929,EQ
NSE,SYSTMTXC,SYSTMTXC-EQ,759355,EQ
NSE,SYSTANGO,SYSTANGO-SM,14506,SM
NSE,SYRMA,SYRMA-EQ,10793,EQ
NSE,SYNOPTICS,SYNOPTICS-SM,17203,SM
NSE,SYNGENE,SYNGENE-EQ,10243,EQ
NSE,SYNCOMF,SYNCOMF-EQ,11992,EQ
NSE,SYMPHONY,SYMPHONY-EQ,24190,EQ
NSE,SYLVANPLY,SYLVANPLY-SM,24267,SM
NSE,SWSOLAR,SWSOLAR-EQ,12489,EQ
NSE,SWIGGY,SWIGGY-EQ,27066,EQ
NSE,SWELECTES,SWELECTES-EQ,11909,EQ
NSE,SWASTIK,SWASTIK-ST,11497,ST
NSE,SWARAJENG,SWARAJENG-EQ,3384,EQ
NSE,SWARAJ,SWARAJ-SM,8608,SM
NSE,SWANDEF,SWANDEF-BE,29164,BE
NSE,SWANCORP,SWANCORP-EQ,27095,EQ
NSE,SVPGLOB,SVPGLOB-BE,5023,BE
NSE,SVLL,SVLL-BE,15126,BE
NSE,SUZLON,SUZLON-EQ,12018,EQ
NSE,SUYOG,SUYOG-EQ,24851,EQ
NSE,SUVIDHAA,SUVIDHAA-EQ,2998,EQ
NSE,SUVEN,SUVEN-EQ,11233,EQ
NSE,SUTLEJTEX,SUTLEJTEX-EQ,13801,EQ
NSE,SURYODAY,SURYODAY-EQ,2970,EQ
NSE,SURYAROSNI,SURYAROSNI-EQ,3375,EQ
NSE,SURYALAXMI,SURYALAXMI-EQ,11852,EQ
NSE,SURYALA,SURYALA-EQ,762924,EQ
NSE,SURANI,SURANI-ST,8524,ST
NSE,SURANAT&P,SURANAT&P-EQ,10700,EQ
NSE,SURANASOL,SURANASOL-EQ,21077,EQ
NSE,SURAKSHA,SURAKSHA-EQ,27334,EQ
NSE,SURAJLTD,SURAJLTD-EQ,24966,EQ
NSE,SURAJEST,SURAJEST-EQ,20822,EQ
NSE,SUPRIYA,SUPRIYA-EQ,7390,EQ
NSE,SUPREMEPWR,SUPREMEPWR-ST,21074,ST
NSE,SUPREMEINF,SUPREMEINF-EQ,15002,EQ
NSE,SUPREMEIND,SUPREMEIND-EQ,3363,EQ
NSE,SUPREMEENG,SUPREMEENG-BZ,758997,BZ
NSE,SUPREME,SUPREME-EQ,29439,EQ
NSE,SUPRAJIT,SUPRAJIT-EQ,11689,EQ
NSE,SUPERSPIN,SUPERSPIN-EQ,3357,EQ
NSE,SUPERHOUSE,SUPERHOUSE-EQ,20616,EQ
NSE,SUNTV,SUNTV-EQ,13404,EQ
NSE,SUNTECK,SUNTECK-EQ,17641,EQ
NSE,SUNTECH,SUNTECH-ST,757766,ST
NSE,SUNREST,SUNREST-SM,20213,SM
NSE,SUNPHARMA,SUNPHARMA-EQ,3351,EQ
NSE,SUNLITE,SUNLITE-ST,24872,ST
NSE,SUNFLAG,SUNFLAG-EQ,3348,EQ
NSE,SUNDROP,SUNDROP-EQ,1663,EQ
NSE,SUNDRMFAST,SUNDRMFAST-EQ,3345,EQ
NSE,SUNDRMBRAK,SUNDRMBRAK-EQ,4179,EQ
NSE,SUNDARMFIN,SUNDARMFIN-EQ,3339,EQ
NSE,SUNDARAM,SUNDARAM-EQ,18931,EQ
NSE,SUNCLAY,SUNCLAY-EQ,20956,EQ
NSE,SUMMITSEC,SUMMITSEC-EQ,21275,EQ
NSE,SUMIT,SUMIT-BE,11141,BE
NSE,SUMICHEM,SUMICHEM-EQ,17105,EQ
NSE,SUMEETINDS,SUMEETINDS-EQ,20790,EQ
NSE,SULA,SULA-EQ,13218,EQ
NSE,SUKHJITS,SUKHJITS-EQ,11804,EQ
NSE,SUDEEPPHRM,SUDEEPPHRM-EQ,760039,EQ
NSE,SUDARSCHEM,SUDARSCHEM-EQ,3327,EQ
NSE,SUDARCOLOR,SUDARCOLOR-EQ,715,EQ
NSE,SUBROS,SUBROS-EQ,3324,EQ
NSE,SUBEXLTD,SUBEXLTD-BE,959,BE
NSE,SUBAHOTELS,SUBAHOTELS-SM,760112,SM
NSE,STYRENIX,STYRENIX-EQ,19,EQ
NSE,STYLEBAAZA,STYLEBAAZA-BE,25116,BE
NSE,STYLAMIND,STYLAMIND-EQ,5186,EQ
NSE,STYL,STYL-EQ,759934,EQ
NSE,STUDIOLSD,STUDIOLSD-ST,758530,ST
NSE,STUDDS,STUDDS-EQ,759587,EQ
NSE,STRIDERS,STRIDERS-SM,761091,SM
NSE,STOVEKRAFT,STOVEKRAFT-EQ,2107,EQ
NSE,STLTECH,STLTECH-BE,9313,BE
NSE,STLNETWORK,STLNETWORK-BE,758978,BE
NSE,STERTOOLS,STERTOOLS-EQ,4299,EQ
NSE,STEL,STEL-EQ,21484,EQ
NSE,STEELXIND,STEELXIND-EQ,21339,EQ
NSE,STEELCITY,STEELCITY-EQ,10406,EQ
NSE,STEELCAS,STEELCAS-EQ,6803,EQ
NSE,STCINDIA,STCINDIA-EQ,10948,EQ
NSE,STARTECK,STARTECK-EQ,9305,EQ
NSE,STARPAPER,STARPAPER-EQ,3291,EQ
NSE,STARHEALTH,STARHEALTH-EQ,7083,EQ
NSE,STARCEMENT,STARCEMENT-EQ,21091,EQ
NSE,STAR,STAR-EQ,7374,EQ
NSE,STANLEY,STANLEY-EQ,24226,EQ
NSE,STALLION,STALLION-EQ,29204,EQ
NSE,SSWL,SSWL-EQ,11829,EQ
NSE,SSFLPP,SSFLPP-E1,758420,E1
NSE,SSFL,SSFL-ST,18059,ST
NSE,SSEGL,SSEGL-SM,24697,SM
NSE,SSDL,SSDL-EQ,24856,EQ
NSE,SRTL,SRTL-EQ,760188,EQ
NSE,SRM,SRM-EQ,23402,EQ
NSE,SRIVASAVI,SRIVASAVI-SM,14411,SM
NSE,SRHHYPOLTD,SRHHYPOLTD-EQ,14582,EQ
NSE,SRGHFL,SRGHFL-EQ,18119,EQ
NSE,SRF,SRF-EQ,3273,EQ
NSE,SREEL,SREEL-EQ,31837,EQ
NSE,SRD,SRD-EQ,25737,EQ
NSE,SPUNWEB,SPUNWEB-SM,757865,SM
NSE,SPRL,SPRL-SM,8521,SM
NSE,SPPPOLY,SPPPOLY-SM,25306,SM
NSE,SPORTKING,SPORTKING-EQ,10733,EQ
NSE,SPMLINFRA,SPMLINFRA-EQ,3321,EQ
NSE,SPLPETRO,SPLPETRO-EQ,9617,EQ
NSE,SPLIL,SPLIL-EQ,11935,EQ
NSE,SPIC,SPIC-EQ,3252,EQ
NSE,SPENCERS,SPENCERS-EQ,8163,EQ
NSE,SPECTSTM,SPECTSTM-ST,16883,ST
NSE,SPECTRUM,SPECTRUM-EQ,30455,EQ
NSE,SPECIALITY,SPECIALITY-EQ,27107,EQ
NSE,SPEB,SPEB-ST,760138,ST
NSE,SPCON,SPCON-SM,761393,SM
NSE,SPCL,SPCL-SM,24249,SM
NSE,SPCENET,SPCENET-EQ,19372,EQ
NSE,SPARC,SPARC-EQ,14788,EQ
NSE,SPANDANA,SPANDANA-EQ,11435,EQ
NSE,SPAL,SPAL-EQ,18252,EQ
NSE,SOUTHWEST,SOUTHWEST-EQ,9678,EQ
NSE,SOUTHBANK,SOUTHBANK-EQ,5948,EQ
NSE,SOTL,SOTL-EQ,3021,EQ
NSE,SOTAC,SOTAC-SM,14993,SM
NSE,SONUINFRA,SONUINFRA-SM,9458,SM
NSE,SONATSOFTW,SONATSOFTW-EQ,6596,EQ
NSE,SONAMLTD,SONAMLTD-EQ,8806,EQ
NSE,SONAMAC,SONAMAC-ST,23055,ST
NSE,SONAL,SONAL-EQ,762919,EQ
NSE,SONACOMS,SONACOMS-EQ,4684,EQ
NSE,SOMICONVEY,SOMICONVEY-EQ,17794,EQ
NSE,SOMATEX,SOMATEX-EQ,4201,EQ
NSE,SOMANYCERA,SOMANYCERA-EQ,3880,EQ
NSE,SOLEX,SOLEX-EQ,759397,EQ
NSE,SOLARWORLD,SOLARWORLD-EQ,759929,EQ
NSE,SOLARINDS,SOLARINDS-EQ,13332,EQ
NSE,SOLARA,SOLARA-EQ,3672,EQ
NSE,SOFTTECH,SOFTTECH-BE,8268,BE
NSE,SOCL,SOCL-ST,761205,ST
NSE,SOBHA,SOBHA-EQ,13826,EQ
NSE,SNXT50BETA,SNXT50BETA-EQ,9168,EQ
NSE,SNXT30BEES,SNXT30BEES-EQ,757455,EQ
NSE,SNOWMAN,SNOWMAN-EQ,4843,EQ
NSE,SNEHAA,SNEHAA-ST,758949,ST
NSE,SMVD,SMVD-SM,847,SM
NSE,SMSPHARMA,SMSPHARMA-EQ,14329,EQ
NSE,SMLT,SMLT-EQ,6843,EQ
NSE,SMLMAH,SMLMAH-EQ,3387,EQ
NSE,SML100CASE,SML100CASE-EQ,758955,EQ
NSE,SMCGLOBAL,SMCGLOBAL-EQ,2320,EQ
NSE,SMARTWORKS,SMARTWORKS-EQ,757965,EQ
NSE,SMARTLINK,SMARTLINK-BE,9893,BE
NSE,SMARTEN,SMARTEN-SM,757619,SM
NSE,SMALLCAP,SMALLCAP-EQ,22832,EQ
NSE,SMALLADD,SMALLADD-EQ,760359,EQ
NSE,SMALL250,SMALL250-EQ,759814,EQ
NSE,SLONE,SLONE-SM,23689,SM
NSE,SKYGOLD,SKYGOLD-EQ,13631,EQ
NSE,SKP,SKP-SM,10325,SM
NSE,SKMEGGPROD,SKMEGGPROD-EQ,4732,EQ
NSE,SKIPPER,SKIPPER-EQ,9428,EQ
NSE,SKFINDUS,SKFINDUS-EQ,760101,EQ
NSE,SKFINDIA,SKFINDIA-EQ,3186,EQ
NSE,SJVN,SJVN-EQ,18883,EQ
NSE,SJS,SJS-EQ,6643,EQ
NSE,SJLOGISTIC,SJLOGISTIC-SM,20542,SM
NSE,SIYSIL,SIYSIL-EQ,14096,EQ
NSE,SITINET,SITINET-BZ,29210,BZ
NSE,SIS,SIS-EQ,21501,EQ
NSE,SIRCA,SIRCA-EQ,11050,EQ
NSE,SINTERCOM,SINTERCOM-EQ,381,EQ
NSE,SINGERIND,SINGERIND-EQ,761420,EQ
NSE,SINDHUTRAD,SINDHUTRAD-EQ,16859,EQ
NSE,SINCLAIR,SINCLAIR-EQ,23480,EQ
NSE,SIMPLEXINF,SIMPLEXINF-EQ,3162,EQ
NSE,SIMCA,SIMCA-SM,763375,SM
NSE,SIMBHALS,SIMBHALS-BZ,758836,BZ
NSE,SILVERTUC,SILVERTUC-EQ,9422,EQ
NSE,SILVERIETF,SILVERIETF-EQ,7942,EQ
NSE,SILVERCASE,SILVERCASE-EQ,30274,EQ
NSE,SILVERBND,SILVERBND-EQ,760328,EQ
NSE,SILVERBETA,SILVERBETA-EQ,15085,EQ
NSE,SILVERBEES,SILVERBEES-EQ,8080,EQ
NSE,SILVERAG,SILVERAG-EQ,16777,EQ
NSE,SILVERADD,SILVERADD-EQ,10761,EQ
NSE,SILVER360,SILVER360-EQ,756150,EQ
NSE,SILVER1,SILVER1-EQ,13082,EQ
NSE,SILVER,SILVER-EQ,8003,EQ
NSE,SILLYMONKS,SILLYMONKS-EQ,19097,EQ
NSE,SILKY,SILKY-SM,757679,SM
NSE,SILKFLEX,SILKFLEX-ST,23739,ST
NSE,SILINV,SILINV-EQ,4105,EQ
NSE,SILGO,SILGO-EQ,2492,EQ
NSE,SIL,SIL-EQ,11297,EQ
NSE,SIKKO,SIKKO-EQ,6218,EQ
NSE,SIKA,SIKA-EQ,762914,EQ
NSE,SIHF29A,SIHF29A-N0,761735,N0
NSE,SIHF29,SIHF29-N0,760628,N0
NSE,SIHF27,SIHF27-N0,25950,N0
NSE,SIGNPOST,SIGNPOST-EQ,22656,EQ
NSE,SIGNORIA,SIGNORIA-SM,23147,SM
NSE,SIGNATURE,SIGNATURE-EQ,18743,EQ
NSE,SIGMAADV,SIGMAADV-BE,14797,BE
NSE,SIGMA,SIGMA-EQ,16658,EQ
NSE,SIGIND,SIGIND-EQ,4522,EQ
NSE,SIGACHI,SIGACHI-BE,6664,BE
NSE,SIEMENS,SIEMENS-EQ,3150,EQ
NSE,SIDDHIKA,SIDDHIKA-SM,3148,SM
NSE,SIDDHICOTS,SIDDHICOTS-SM,759053,SM
NSE,SIDBI29,SIDBI29-N0,763745,N0
NSE,SICCL28,SICCL28-N0,759832,N0
NSE,SICALLOG,SICALLOG-BE,19440,BE
NSE,SICAGEN,SICAGEN-EQ,16875,EQ
NSE,SHYAMTEL,SHYAMTEL-BE,13741,BE
NSE,SHYAMMETL,SHYAMMETL-EQ,4693,EQ
NSE,SHYAMDHANI,SHYAMDHANI-SM,761210,SM
NSE,SHYAMCENT,SHYAMCENT-EQ,10188,EQ
NSE,SHUBHSHREE,SHUBHSHREE-SM,25240,SM
NSE,SHUBHLAXMI,SHUBHLAXMI-SM,6451,SM
NSE,SHRITECH,SHRITECH-SM,17684,SM
NSE,SHRIRAMPPS,SHRIRAMPPS-EQ,7200,EQ
NSE,SHRIRAMFIN,SHRIRAMFIN-EQ,4306,EQ
NSE,SHRIPISTON,SHRIPISTON-EQ,17186,EQ
NSE,SHRINGARMS,SHRINGARMS-EQ,759093,EQ
NSE,SHRIKRISH,SHRIKRISH-EQ,762909,EQ
NSE,SHRIKANHA,SHRIKANHA-ST,760223,ST
NSE,SHRIAHIMSA,SHRIAHIMSA-ST,756409,ST
NSE,SHREYANIND,SHREYANIND-EQ,3126,EQ
NSE,SHRENIK,SHRENIK-BZ,760252,BZ
NSE,SHREMINVIT,SHREMINVIT-IV,5718,IV
NSE,SHREMINVIT,SHREMINVIT-BL,5726,BL
NSE,SHREERAMA,SHREERAMA-EQ,7627,EQ
NSE,SHREEPUSHK,SHREEPUSHK-EQ,10588,EQ
NSE,SHREEOSFM,SHREEOSFM-SM,20603,SM
NSE,SHREEKARNI,SHREEKARNI-SM,23074,SM
NSE,SHREEJISPG,SHREEJISPG-EQ,759448,EQ
NSE,SHREECEM,SHREECEM-EQ,3103,EQ
NSE,SHREDIGCEM,SHREDIGCEM-EQ,3099,EQ
NSE,SHRADHA,SHRADHA-EQ,708,EQ
NSE,SHOPERSTOP,SHOPERSTOP-EQ,11813,EQ
NSE,SHKSIL,SHKSIL-SM,758568,SM
NSE,SHK,SHK-EQ,11212,EQ
NSE,SHIVAUM,SHIVAUM-EQ,759747,EQ
NSE,SHIVATEX,SHIVATEX-EQ,804,EQ
NSE,SHIVASHRIT,SHIVASHRIT-SM,758744,SM
NSE,SHIVAMILLS,SHIVAMILLS-BE,1503,BE
NSE,SHIVAMAUTO,SHIVAMAUTO-BE,13757,BE
NSE,SHIVALIK,SHIVALIK-BE,7026,BE
NSE,SHINDL,SHINDL-EQ,762904,EQ
NSE,SHILPAMED,SHILPAMED-EQ,17752,EQ
NSE,SHILCTECH,SHILCTECH-EQ,759847,EQ
NSE,SHIGAN,SHIGAN-SM,8394,SM
NSE,SHETHJI,SHETHJI-ST,759805,ST
NSE,SHERA,SHERA-ST,14176,ST
NSE,SHEMAROO,SHEMAROO-EQ,5068,EQ
NSE,SHEKHAWATI,SHEKHAWATI-BE,21099,BE
NSE,SHEETAL,SHEETAL-SM,20415,SM
NSE,SHEEL,SHEEL-SM,759407,SM
NSE,SHBAJRG,SHBAJRG-EQ,762899,EQ
NSE,SHARIABEES,SHARIABEES-EQ,17044,EQ
NSE,SHAREINDIA,SHAREINDIA-EQ,104,EQ
NSE,SHARDUL,SHARDUL-EQ,762894,EQ
NSE,SHARDAMOTR,SHARDAMOTR-EQ,10530,EQ
NSE,SHARDACROP,SHARDACROP-EQ,4992,EQ
NSE,SHANTIGOLD,SHANTIGOLD-EQ,758002,EQ
NSE,SHANTIGEAR,SHANTIGEAR-EQ,3078,EQ
NSE,SHANTI,SHANTI-EQ,5650,EQ
NSE,SHANTHALA,SHANTHALA-SM,19752,SM
NSE,SHANKARA,SHANKARA-BE,20337,BE
NSE,SHALPAINTS,SHALPAINTS-EQ,15342,EQ
NSE,SHALBY,SHALBY-EQ,714,EQ
NSE,SHAKTIPUMP,SHAKTIPUMP-EQ,25574,EQ
NSE,SHAIVAL,SHAIVAL-ST,10684,ST
NSE,SHAILY,SHAILY-EQ,8727,EQ
NSE,SHAHALLOYS,SHAHALLOYS-EQ,11856,EQ
NSE,SHAH-RE1,SHAH-RE1-BE,31210,BE
NSE,SHAH,SHAH-EQ,20296,EQ
NSE,SHADOWFAX,SHADOWFAX-EQ,761469,EQ
NSE,SGMART,SGMART-EQ,758889,EQ
NSE,SGL,SGL-EQ,13367,EQ
NSE,SGIL,SGIL-EQ,5114,EQ
NSE,SGFIN,SGFIN-EQ,758853,EQ
NSE,SGBSEP31II,SGBSEP31II-GB,19456,GB
NSE,SGBSEP29VI,SGBSEP29VI-GB,5575,GB
NSE,SGBSEP28VI,SGBSEP28VI-GB,149,GB
NSE,SGBSEP27,SGBSEP27-GB,13209,GB
NSE,SGBOCT27VI,SGBOCT27VI-GB,14252,GB
NSE,SGBOCT27,SGBOCT27-GB,13981,GB
NSE,SGBOCT26,SGBOCT26-GB,5960,GB
NSE,SGBOC28VII,SGBOC28VII-GB,834,GB
NSE,SGBNV29VII,SGBNV29VII-GB,6518,GB
NSE,SGBNOV26,SGBNOV26-GB,6355,GB
NSE,SGBN28VIII,SGBN28VIII-GB,1342,GB
NSE,SGBMR29XII,SGBMR29XII-GB,2810,GB
NSE,SGBMAY29I,SGBMAY29I-GB,3742,GB
NSE,SGBMAY28,SGBMAY28-GB,18972,GB
NSE,SGBMAR31IV,SGBMAR31IV-GB,14598,GB
NSE,SGBMAR30X,SGBMAR30X-GB,8401,GB
NSE,SGBMAR28X,SGBMAR28X-GB,18451,GB
NSE,SGBJUN31I,SGBJUN31I-GB,17202,GB
NSE,SGBJUN30,SGBJUN30-GB,10232,GB
NSE,SGBJUN29II,SGBJUN29II-GB,3743,GB
NSE,SGBJUN28,SGBJUN28-GB,19078,GB
NSE,SGBJUN27,SGBJUN27-GB,10261,GB
NSE,SGBJUL29IV,SGBJUL29IV-GB,5113,GB
NSE,SGBJUL28IV,SGBJUL28IV-GB,22242,GB
NSE,SGBJUL27,SGBJUL27-GB,11154,GB
NSE,SGBJU29III,SGBJU29III-GB,3800,GB
NSE,SGBJAN30IX,SGBJAN30IX-GB,7879,GB
NSE,SGBJAN29X,SGBJAN29X-GB,2003,GB
NSE,SGBJAN29IX,SGBJAN29IX-GB,1920,GB
NSE,SGBJAN27,SGBJAN27-GB,8308,GB
NSE,SGBJ28VIII,SGBJ28VIII-GB,17110,GB
NSE,SGBFEB32IV,SGBFEB32IV-GB,22886,GB
NSE,SGBFEB29XI,SGBFEB29XI-GB,2200,GB
NSE,SGBFEB28IX,SGBFEB28IX-GB,17664,GB
NSE,SGBFEB27,SGBFEB27-GB,8766,GB
NSE,SGBDEC26,SGBDEC26-GB,7654,GB
NSE,SGBDE31III,SGBDE31III-GB,22476,GB
NSE,SGBDE30III,SGBDE30III-GB,13642,GB
NSE,SGBDC27VII,SGBDC27VII-GB,15432,GB
NSE,SGBD29VIII,SGBD29VIII-GB,7098,GB
NSE,SGBAUG30,SGBAUG30-GB,11192,GB
NSE,SGBAUG29V,SGBAUG29V-GB,5455,GB
NSE,SGBAUG28V,SGBAUG28V-GB,22385,GB
NSE,SGBAUG27,SGBAUG27-GB,12904,GB
NSE,SGBAPR28I,SGBAPR28I-GB,18862,GB
NSE,SFMP6GR,SFMP6GR-MF,10060,MF
NSE,SFMP6GD,SFMP6GD-MF,10055,MF
NSE,SFMP6DR,SFMP6DR-MF,10052,MF
NSE,SFMP6DD,SFMP6DD-MF,10051,MF
NSE,SFMP61GR,SFMP61GR-MF,8651,MF
NSE,SFMP61GD,SFMP61GD-MF,8648,MF
NSE,SFMP61DR,SFMP61DR-MF,8647,MF
NSE,SFMP61DD,SFMP61DD-MF,8645,MF
NSE,SFMP50GR,SFMP50GR-MF,5602,MF
NSE,SFMP50GD,SFMP50GD-MF,5595,MF
NSE,SFMP50DR,SFMP50DR-MF,5593,MF
NSE,SFMP50DD,SFMP50DD-MF,5592,MF
NSE,SFMP49GR,SFMP49GR-MF,5500,MF
NSE,SFMP49GD,SFMP49GD-MF,5499,MF
NSE,SFMP49DR,SFMP49DR-MF,5498,MF
NSE,SFMP49DD,SFMP49DD-MF,5497,MF
NSE,SFMP1GR,SFMP1GR-MF,9522,MF
NSE,SFMP1GD,SFMP1GD-MF,9523,MF
NSE,SFMP1DR,SFMP1DR-MF,9517,MF
NSE,SFMP1DD,SFMP1DD-MF,9516,MF
NSE,SFML,SFML-SM,28069,SM
NSE,SFLZC26A,SFLZC26A-ZC,12941,ZC
NSE,SFL,SFL-EQ,19184,EQ
NSE,SEYAIND,SEYAIND-BE,10836,BE
NSE,SETUINFRA,SETUINFRA-BZ,18024,BZ
NSE,SETL,SETL-EQ,29075,EQ
NSE,SETFNN50,SETFNN50-EQ,7353,EQ
NSE,SETFNIFBK,SETFNIFBK-EQ,7361,EQ
NSE,SETFNIF50,SETFNIF50-EQ,10176,EQ
NSE,SETFGOLD,SETFGOLD-EQ,17272,EQ
NSE,SETF10GILT,SETF10GILT-EQ,17395,EQ
NSE,SETCO,SETCO-BE,17518,BE
NSE,SESHAPAPER,SESHAPAPER-EQ,3066,EQ
NSE,SERVOTECH,SERVOTECH-EQ,5507,EQ
NSE,SERVICE,SERVICE-SM,17399,SM
NSE,SEPC,SEPC-EQ,15308,EQ
NSE,SENSEXIETF,SENSEXIETF-EQ,4378,EQ
NSE,SENSEXETF,SENSEXETF-EQ,19224,EQ
NSE,SENSEXBETA,SENSEXBETA-EQ,10515,EQ
NSE,SENSEXADD,SENSEXADD-EQ,17613,EQ
NSE,SENORES,SENORES-EQ,28888,EQ
NSE,SENCO,SENCO-EQ,17271,EQ
NSE,SEMAC,SEMAC-BE,11964,BE
NSE,SELMC,SELMC-EQ,6262,EQ
NSE,SELLOWRAP,SELLOWRAP-SM,757982,SM
NSE,SELECTIPO,SELECTIPO-EQ,30109,EQ
NSE,SEL,SEL-ST,18267,ST
NSE,SEJALLTD,SEJALLTD-BE,7094,BE
NSE,SEITINVIT,SEITINVIT-IV,21321,IV
NSE,SEITINVIT,SEITINVIT-BL,21324,BL
NSE,SEIL,SEIL-EQ,762889,EQ
NSE,SEDEMAC,SEDEMAC-EQ,761153,EQ
NSE,SECURKLOUD,SECURKLOUD-EQ,11058,EQ
NSE,SECMARK,SECMARK-EQ,19496,EQ
NSE,SEAMECLTD,SEAMECLTD-EQ,2616,EQ
NSE,SDREAMS,SDREAMS-SM,25528,SM
NSE,SDIL41,SDIL41-N0,763048,N0
NSE,SDBL,SDBL-EQ,1338,EQ
NSE,SCPL,SCPL-EQ,12072,EQ
NSE,SCODATUBES,SCODATUBES-EQ,757478,EQ
NSE,SCML,SCML-SM,19469,SM
NSE,SCLZC26G,SCLZC26G-YA,21008,YA
NSE,SCLZC26F,SCLZC26F-Y9,21003,Y9
NSE,SCLZC26E,SCLZC26E-NP,20088,NP
NSE,SCLZC26D,SCLZC26D-NO,20082,NO
NSE,SCLZC26C,SCLZC26C-NB,19772,NB
NSE,SCLZC26B,SCLZC26B-AY,17535,AY
NSE,SCLZC26A,SCLZC26A-NF,18638,NF
NSE,SCLZC26,SCLZC26-NB,18630,NB
NSE,SCL310524A,SCL310524A-ZK,23950,ZK
NSE,SCL271224B,SCL271224B-N1,28923,N1
NSE,SCL271224A,SCL271224A-N1,28908,N1
NSE,SCL271224,SCL271224-N1,28907,N1
NSE,SCL26,SCL26-NA,19770,
NSE,SCL25924D,SCL25924D-N1,25556,N1
NSE,SCL25924C,SCL25924C-N1,25554,N1
NSE,SCL25924A,SCL25924A-N1,25544,N1
NSE,SCL25924,SCL25924-N1,25542,N1
NSE,SCL19325A,SCL19325A-N1,30210,N1
NSE,SCL19325,SCL19325-N1,30218,N1
NSE,SCL190325A,SCL190325A-N1,30226,N1
NSE,SCL190325,SCL190325-N1,30212,N1
NSE,SCL1825,SCL1825-N5,757461,N5
NSE,SCL01825,SCL01825-N6,757462,N6
NSE,SCL0182025,SCL0182025-NC,757468,NC
NSE,SCL010825,SCL010825-NB,757467,NB
NSE,SCILAL,SCILAL-EQ,23127,EQ
NSE,SCI,SCI-EQ,3048,EQ
NSE,SCHNEIDER,SCHNEIDER-EQ,31234,EQ
NSE,SCHAND,SCHAND-EQ,20698,EQ
NSE,SCHAEFFLER,SCHAEFFLER-EQ,1011,EQ
NSE,SCANSTL,SCANSTL-EQ,762884,EQ
NSE,SBIVALETF,SBIVALETF-EQ,763546,EQ
NSE,SBISMLETF,SBISMLETF-EQ,763543,EQ
NSE,SBISILVER,SBISILVER-EQ,24366,EQ
NSE,SBINMID150,SBINMID150-EQ,761741,EQ
NSE,SBINEQWETF,SBINEQWETF-EQ,24524,EQ
NSE,SBIN,SBIN-EQ,3045,EQ
NSE,SBIMIDMOM,SBIMIDMOM-EQ,761095,EQ
NSE,SBILIQETF,SBILIQETF-EQ,758496,EQ
NSE,SBILIFE,SBILIFE-EQ,21808,EQ
NSE,SBIETFQLTY,SBIETFQLTY-EQ,7218,EQ
NSE,SBIETFPB,SBIETFPB-EQ,722,EQ
NSE,SBIETFIT,SBIETFIT-EQ,740,EQ
NSE,SBIETFCON,SBIETFCON-EQ,5168,EQ
NSE,SBICARD,SBICARD-EQ,17971,EQ
NSE,SBIBPB,SBIBPB-EQ,30290,EQ
NSE,SBGLP,SBGLP-EQ,14139,EQ
NSE,SBFC,SBFC-EQ,18026,EQ
NSE,SBCL,SBCL-EQ,4656,EQ
NSE,SBC,SBC-EQ,6792,EQ
NSE,SAYAJIHOTL,SAYAJIHOTL-EQ,762879,EQ
NSE,SAWALIYA,SAWALIYA-SM,758444,SM
NSE,SAVY,SAVY-SM,757704,SM
NSE,SAURASHCEM,SAURASHCEM-EQ,3018,EQ
NSE,SATTVAENGG,SATTVAENGG-SM,758960,SM
NSE,SATKARTAR,SATKARTAR-ST,29154,ST
NSE,SATIPOLY,SATIPOLY-SM,24504,SM
NSE,SATIN,SATIN-EQ,10453,EQ
NSE,SATIA,SATIA-EQ,11045,EQ
NSE,SATECH,SATECH-SM,24674,SM
NSE,SASKEN,SASKEN-EQ,11983,EQ
NSE,SARVESHWAR,SARVESHWAR-BE,12950,BE
NSE,SARTELE,SARTELE-SM,19863,SM
NSE,SAROJA,SAROJA-SM,18506,SM
NSE,SARLAPOLY,SARLAPOLY-EQ,14043,EQ
NSE,SAREGAMA,SAREGAMA-EQ,4892,EQ
NSE,SARDAEN,SARDAEN-EQ,17758,EQ
NSE,SAPPL,SAPPL-EQ,762874,EQ
NSE,SAPPHIRE,SAPPHIRE-EQ,6718,EQ
NSE,SANWARIA,SANWARIA-BZ,46,BZ
NSE,SANSTAR,SANSTAR-EQ,24582,EQ
NSE,SANSERA,SANSERA-EQ,5751,EQ
NSE,SANOFICONR,SANOFICONR-EQ,25222,EQ
NSE,SANOFI,SANOFI-EQ,1442,EQ
NSE,SANGINITA,SANGINITA-BE,11033,BE
NSE,SANGHVIMOV,SANGHVIMOV-EQ,14058,EQ
NSE,SANGANI,SANGANI-SM,18035,SM
NSE,SANGAMIND,SANGAMIND-EQ,4184,EQ
NSE,SANDUMA,SANDUMA-EQ,18359,EQ
NSE,SANDHAR,SANDHAR-EQ,2397,EQ
NSE,SANDESH,SANDESH-EQ,2988,EQ
NSE,SANATHAN,SANATHAN-EQ,28805,EQ
NSE,SAMPANN,SAMPANN-EQ,27303,EQ
NSE,SAMMAANCAP,SAMMAANCAP-EQ,30125,EQ
NSE,SAMHI,SAMHI-EQ,18614,EQ
NSE,SAMBHV,SAMBHV-EQ,757767,EQ
NSE,SAMBHAAV,SAMBHAAV-EQ,4127,EQ
NSE,SAMAY,SAMAY-SM,756848,SM
NSE,SALZERELEC,SALZERELEC-EQ,11399,EQ
NSE,SALSTEEL,SALSTEEL-BE,11637,BE
NSE,SALONA,SALONA-EQ,17351,EQ
NSE,SALASAR,SALASAR-EQ,21362,EQ
NSE,SAKUMA,SAKUMA-BE,13255,BE
NSE,SAKSOFT,SAKSOFT-EQ,11794,EQ
NSE,SAKHTISUG,SAKHTISUG-EQ,2969,EQ
NSE,SAKAR,SAKAR-EQ,9539,EQ
NSE,SAJHOTELS,SAJHOTELS-SM,25712,SM
NSE,SAIPARENT,SAIPARENT-EQ,761675,EQ
NSE,SAILIFE,SAILIFE-EQ,27839,EQ
NSE,SAIL,SAIL-EQ,2963,EQ
NSE,SAIFL,SAIFL-SM,21096,SM
NSE,SAHYADRI,SAHYADRI-EQ,14900,EQ
NSE,SAHLIBHFI,SAHLIBHFI-EQ,761688,EQ
NSE,SAHASRA,SAHASRA-ST,25671,ST
NSE,SAHANA,SAHANA-SM,16711,SM
NSE,SAHAJSOLAR,SAHAJSOLAR-SM,24478,SM
NSE,SAGILITY,SAGILITY-EQ,27052,EQ
NSE,SAGCEM,SAGCEM-EQ,14068,EQ
NSE,SAGARDEEP,SAGARDEEP-EQ,8175,EQ
NSE,SAFEENTP,SAFEENTP-SM,757583,SM
NSE,SAFARI,SAFARI-EQ,13035,EQ
NSE,SADHNANIQ,SADHNANIQ-BE,15349,BE
NSE,SADHAV,SADHAV-SM,22897,SM
NSE,SADBHIN,SADBHIN-BE,10622,BE
NSE,SADBHAV,SADBHAV-EQ,13236,EQ
NSE,SACHEEROME,SACHEEROME-SM,757409,SM
NSE,SABEVENTS,SABEVENTS-BE,18501,BE
NSE,SABAR,SABAR-SM,10982,SM
NSE,SAATVIKGL,SAATVIKGL-EQ,759057,EQ
NSE,SAAKSHI,SAAKSHI-SM,19093,SM
NSE,S&SPOWER,S&SPOWER-BE,8733,BE
NSE,RVTH,RVTH-EQ,25157,EQ
NSE,RVNL,RVNL-EQ,9552,EQ
NSE,RVHL,RVHL-EQ,1565,EQ
NSE,RUSTOMJEE,RUSTOMJEE-EQ,12219,EQ
NSE,RUSHIL,RUSHIL-EQ,24595,EQ
NSE,RUPA,RUPA-EQ,25724,EQ
NSE,RULKA,RULKA-SM,23830,SM
NSE,RUDRA,RUDRA-BE,760401,BE
NSE,RUCHIRA,RUCHIRA-EQ,13821,EQ
NSE,RUCHINFRA,RUCHINFRA-EQ,4566,EQ
NSE,RUBYMILLS,RUBYMILLS-BE,10123,BE
NSE,RUBICON,RUBICON-EQ,759316,EQ
NSE,RUBFILA,RUBFILA-EQ,24730,EQ
NSE,RTNPOWER,RTNPOWER-EQ,17520,EQ
NSE,RTNINDIA,RTNINDIA-EQ,27297,EQ
NSE,RTL,RTL-ST,757780,ST
NSE,RSYSTEMS,RSYSTEMS-EQ,13414,EQ
NSE,RSWM,RSWM-EQ,2794,EQ
NSE,RSSOFTWARE,RSSOFTWARE-BE,8426,BE
NSE,RSL,RSL-EQ,761439,EQ
NSE,RSDFIN,RSDFIN-EQ,762869,EQ
NSE,RRKABEL,RRKABEL-EQ,18566,EQ
NSE,RRIL,RRIL-EQ,762864,EQ
NSE,RPTECH,RPTECH-EQ,22670,EQ
NSE,RPSGVENT,RPSGVENT-EQ,8119,EQ
NSE,RPPL,RPPL-EQ,6913,EQ
NSE,RPPINFRA,RPPINFRA-EQ,20760,EQ
NSE,RPOWER,RPOWER-EQ,15259,EQ
NSE,RPGLIFE,RPGLIFE-EQ,16725,EQ
NSE,RPEL,RPEL-EQ,24735,EQ
NSE,ROYALARC,ROYALARC-SM,29727,SM
NSE,ROXHITECH,ROXHITECH-ST,20170,ST
NSE,ROUTE,ROUTE-EQ,128,EQ
NSE,ROTO,ROTO-EQ,9049,EQ
NSE,ROSSTECH,ROSSTECH-EQ,27353,EQ
NSE,ROSSELLIND,ROSSELLIND-EQ,28913,EQ
NSE,ROSSARI,ROSSARI-EQ,19410,EQ
NSE,ROML,ROML-EQ,359,EQ
NSE,ROLLT,ROLLT-BE,19108,BE
NSE,ROLEXRINGS,ROLEXRINGS-EQ,5279,EQ
NSE,ROHLTD,ROHLTD-EQ,13182,EQ
NSE,ROCKPP,ROCKPP-E1,760033,E1
NSE,ROCKINGDCE,ROCKINGDCE-SM,20289,SM
NSE,ROADSTAR,ROADSTAR-IV,30051,IV
NSE,ROADSTAR,ROADSTAR-BL,30054,BL
NSE,RNPL,RNPL-SM,758157,SM
NSE,RNFI,RNFI-SM,24589,SM
NSE,RNBDENIMS,RNBDENIMS-EQ,758981,EQ
NSE,RML,RML-EQ,11975,EQ
NSE,RMDRIP,RMDRIP-EQ,757834,EQ
NSE,RMC,RMC-BE,762347,BE
NSE,RKSWAMY,RKSWAMY-EQ,23043,EQ
NSE,RKFORGE,RKFORGE-EQ,11411,EQ
NSE,RKEC,RKEC-EQ,1547,EQ
NSE,RKDL,RKDL-EQ,20950,EQ
NSE,RITEZONE,RITEZONE-ST,11917,ST
NSE,RITES,RITES-EQ,3761,EQ
NSE,RITCO,RITCO-EQ,8944,EQ
NSE,RISHABH,RISHABH-EQ,18417,EQ
NSE,RILINFRA,RILINFRA-SM,9854,SM
NSE,RIIT,RIIT-IV,762244,IV
NSE,RIIL,RIIL-EQ,2912,EQ
NSE,RICOAUTO,RICOAUTO-EQ,2909,EQ
NSE,RICHA,RICHA-ST,8212,ST
NSE,RHL,RHL-EQ,15157,EQ
NSE,RHIM,RHIM-EQ,31163,EQ
NSE,RHFL,RHFL-BZ,759204,BZ
NSE,RHETAN,RHETAN-EQ,759062,EQ
NSE,RGL,RGL-EQ,15129,EQ
NSE,RFBL,RFBL-SM,763465,SM
NSE,REXPRO,REXPRO-SM,29270,SM
NSE,REXPIPES,REXPIPES-SM,5309,SM
NSE,RETAIL,RETAIL-EQ,24145,EQ
NSE,RESPONIND,RESPONIND-EQ,20323,EQ
NSE,REPRO,REPRO-EQ,13126,EQ
NSE,REPL,REPL-EQ,1480,EQ
NSE,REPCOHOME,REPCOHOME-EQ,29598,EQ
NSE,RENUKA,RENUKA-EQ,12026,EQ
NSE,REMUS,REMUS-SM,16154,SM
NSE,REMSONSIND,REMSONSIND-EQ,3965,EQ
NSE,RELTD-RE,RELTD-RE-BE,751161,BE
NSE,RELTD,RELTD-EQ,24596,EQ
NSE,RELIGARE,RELIGARE-EQ,15068,EQ
NSE,RELIANCE,RELIANCE-EQ,2885,EQ
NSE,RELIABLE,RELIABLE-EQ,24378,EQ
NSE,RELCHEMQ,RELCHEMQ-EQ,9652,EQ
NSE,RELAXO,RELAXO-EQ,24225,EQ
NSE,REGENCERAM,REGENCERAM-EQ,4130,EQ
NSE,REGAAL,REGAAL-BE,758682,BE
NSE,REFRACTORY,REFRACTORY-SM,23718,SM
NSE,REFEX,REFEX-EQ,17764,EQ
NSE,REDTAPE,REDTAPE-EQ,17859,EQ
NSE,REDINGTON,REDINGTON-EQ,14255,EQ
NSE,RECLTD,RECLTD-EQ,15355,EQ
NSE,READYMIX,READYMIX-SM,29561,SM
NSE,RCOM,RCOM-BE,13188,BE
NSE,RCF,RCF-EQ,2866,EQ
NSE,RCDL,RCDL-SM,19681,SM
NSE,RBZJEWEL,RBZJEWEL-EQ,20874,EQ
NSE,RBS,RBS-ST,23568,ST
NSE,RBMINFRA,RBMINFRA-SM,13570,SM
NSE,RBLBANK,RBLBANK-EQ,18391,EQ
NSE,RBA,RBA-EQ,1494,EQ
NSE,RAYMONDREL,RAYMONDREL-EQ,758551,EQ
NSE,RAYMONDLSL,RAYMONDLSL-EQ,25073,EQ
NSE,RAYMOND,RAYMOND-EQ,2859,EQ
NSE,RATNAVEER,RATNAVEER-EQ,18423,EQ
NSE,RATNAMANI,RATNAMANI-EQ,13451,EQ
NSE,RATEGAIN,RATEGAIN-EQ,7177,EQ
NSE,RAPPID,RAPPID-SM,25610,SM
NSE,RAPIDFLEET,RAPIDFLEET-SM,30460,SM
NSE,RANEHOLDIN,RANEHOLDIN-EQ,2844,EQ
NSE,RANASUG,RANASUG-EQ,2837,EQ
NSE,RAMRAT,RAMRAT-EQ,10485,EQ
NSE,RAMKY,RAMKY-EQ,20134,EQ
NSE,RAMCOSYS,RAMCOSYS-EQ,7851,EQ
NSE,RAMCOIND,RAMCOIND-EQ,4587,EQ
NSE,RAMCOCEM,RAMCOCEM-EQ,2043,EQ
NSE,RAMASTEEL,RAMASTEEL-EQ,10300,EQ
NSE,RAMAPHO,RAMAPHO-EQ,10568,EQ
NSE,RAMANEWS,RAMANEWS-EQ,13565,EQ
NSE,RALLIS,RALLIS-EQ,2816,EQ
NSE,RAJTV,RAJTV-EQ,14403,EQ
NSE,RAJSREESUG,RAJSREESUG-EQ,2809,EQ
NSE,RAJRILTD,RAJRILTD-BE,8428,BE
NSE,RAJRATAN,RAJRATAN-EQ,18962,EQ
NSE,RAJPUTANA,RAJPUTANA-SM,27269,SM
NSE,RAJPALAYAM,RAJPALAYAM-EQ,762859,EQ
NSE,RAJOOENG,RAJOOENG-EQ,757049,EQ
NSE,RAJMET,RAJMET-EQ,2168,EQ
NSE,RAJINDLTD,RAJINDLTD-SM,24707,SM
NSE,RAJESHEXPO,RAJESHEXPO-BZ,760461,BZ
NSE,RAINBOW,RAINBOW-EQ,9408,EQ
NSE,RAIN,RAIN-EQ,15337,EQ
NSE,RAILTEL,RAILTEL-EQ,2431,EQ
NSE,RADIOWALLA,RADIOWALLA-SM,23442,SM
NSE,RADIOCITY,RADIOCITY-EQ,19877,EQ
NSE,RADICO,RADICO-EQ,10990,EQ
NSE,RADIANTCMS,RADIANTCMS-EQ,13580,EQ
NSE,RADHIKAJWE,RADHIKAJWE-EQ,10343,EQ
NSE,RADAAN,RADAAN-EQ,10932,EQ
NSE,RACLGEAR,RACLGEAR-EQ,27171,EQ
NSE,RACE,RACE-BE,15396,BE
NSE,QVCEL,QVCEL-SM,24957,SM
NSE,QUINT,QUINT-EQ,762854,EQ
NSE,QUICKTOUCH,QUICKTOUCH-SM,15285,SM
NSE,QUICKHEAL,QUICKHEAL-BE,13131,BE
NSE,QUESTLAB,QUESTLAB-SM,23793,SM
NSE,QUESS,QUESS-EQ,17704,EQ
NSE,QUALITY30,QUALITY30-EQ,757946,EQ
NSE,QUAL30IETF,QUAL30IETF-EQ,17808,EQ
NSE,QUADPRO,QUADPRO-SM,5870,SM
NSE,QUADFUTURE,QUADFUTURE-EQ,29087,EQ
NSE,QSIFHRR,QSIFHRR-SF,759576,SF
NSE,QSIFHRP,QSIFHRP-SF,763749,SF
NSE,QSIFHRG,QSIFHRG-SF,759298,SF
NSE,QSIFHDG,QSIFHDG-SF,759285,SF
NSE,QSIFAARR,QSIFAARR-SF,763088,SF
NSE,QSIFAARG,QSIFAARG-SF,763086,SF
NSE,QSIFAADP,QSIFAADP-SF,763084,SF
NSE,QSIFAADG,QSIFAADG-SF,763082,SF
NSE,QPOWER,QPOWER-BE,29713,BE
NSE,QNIFTY,QNIFTY-EQ,16819,EQ
NSE,QMSMEDI,QMSMEDI-SM,11467,SM
NSE,QLINE,QLINE-SM,763594,SM
NSE,QGOLDHALF,QGOLDHALF-EQ,15330,EQ
NSE,QFIL,QFIL-SM,14613,SM
NSE,PYRAMID,PYRAMID-EQ,18250,EQ
NSE,PWL,PWL-EQ,759723,EQ
NSE,PVTBKGROWW,PVTBKGROWW-EQ,763572,EQ
NSE,PVTBANKADD,PVTBANKADD-EQ,17576,EQ
NSE,PVTBANIETF,PVTBANIETF-EQ,11386,EQ
NSE,PVSL,PVSL-EQ,23142,EQ
NSE,PVRINOX,PVRINOX-EQ,13147,EQ
NSE,PVP,PVP-EQ,4010,EQ
NSE,PUSHPA,PUSHPA-SM,757683,SM
NSE,PURVFLEXI,PURVFLEXI-ST,22942,ST
NSE,PURVA,PURVA-EQ,14922,EQ
NSE,PURPLEUTED,PURPLEUTED-SM,28028,SM
NSE,PUNJABCHEM,PUNJABCHEM-EQ,4344,EQ
NSE,PULZ,PULZ-SM,507,SM
NSE,PTL,PTL-EQ,14101,EQ
NSE,PTCIL,PTCIL-EQ,16682,EQ
NSE,PTC,PTC-EQ,11355,EQ
NSE,PSUBNKIETF,PSUBNKIETF-EQ,14584,EQ
NSE,PSUBNKBEES,PSUBNKBEES-EQ,15032,EQ
NSE,PSUBANKADD,PSUBANKADD-EQ,17616,EQ
NSE,PSUBANK,PSUBANK-EQ,15061,EQ
NSE,PSRAJ,PSRAJ-ST,29665,ST
NSE,PSPPROJECT,PSPPROJECT-EQ,20877,EQ
NSE,PSFL,PSFL-SM,25431,SM
NSE,PSB,PSB-EQ,21001,EQ
NSE,PRUDMOULI,PRUDMOULI-BE,20528,BE
NSE,PRUDENT,PRUDENT-EQ,9553,EQ
NSE,PRSMJOHNSN,PRSMJOHNSN-EQ,2739,EQ
NSE,PROZONER,PROZONER-EQ,28859,EQ
NSE,PROV,PROV-SM,16483,SM
NSE,PROTEAN,PROTEAN-EQ,29472,EQ
NSE,PROSTARM,PROSTARM-EQ,758173,EQ
NSE,PROPEQUITY,PROPEQUITY-SM,8735,SM
NSE,PROLIFE,PROLIFE-SM,19352,SM
NSE,PROFX,PROFX-SM,757806,SM
NSE,PRLIND,PRLIND-SM,23764,SM
NSE,PRIZOR,PRIZOR-ST,24511,ST
NSE,PRIVISCL,PRIVISCL-EQ,8825,EQ
NSE,PRITIKAUTO,PRITIKAUTO-EQ,5292,EQ
NSE,PRITIKA,PRITIKA-SM,12971,SM
NSE,PRITI,PRITI-BE,8310,BE
NSE,PRINCEPIPE,PRINCEPIPE-EQ,16045,EQ
NSE,PRIMO,PRIMO-EQ,756925,EQ
NSE,PRIMESECU,PRIMESECU-EQ,11864,EQ
NSE,PRIMECAB,PRIMECAB-ST,759075,ST
NSE,PRICOLLTD,PRICOLLTD-EQ,19631,EQ
NSE,PRESTIGE,PRESTIGE-EQ,20302,EQ
NSE,PRESSTONIC,PRESSTONIC-SM,20498,SM
NSE,PREMIUM,PREMIUM-SM,25898,SM
NSE,PREMIERPOL,PREMIERPOL-BE,10401,BE
NSE,PREMIERENE,PREMIERENE-EQ,25049,EQ
NSE,PREMIER,PREMIER-BE,6248,BE
NSE,PREMEXPLN,PREMEXPLN-EQ,17397,EQ
NSE,PREMCO,PREMCO-EQ,762849,EQ
NSE,PRECWIRE,PRECWIRE-EQ,2717,EQ
NSE,PRECOT,PRECOT-EQ,2711,EQ
NSE,PRECISION,PRECISION-SM,7950,SM
NSE,PRECAM,PRECAM-EQ,12603,EQ
NSE,PRAXIS,PRAXIS-BE,1216,BE
NSE,PRAVEG,PRAVEG-EQ,762844,EQ
NSE,PRATHAM,PRATHAM-SM,23113,SM
NSE,PRANIK,PRANIK-SM,25818,SM
NSE,PRAMARA,PRAMARA-SM,18514,SM
NSE,PRAKASHSTL,PRAKASHSTL-EQ,19599,EQ
NSE,PRAKASH,PRAKASH-EQ,2708,EQ
NSE,PRAJIND,PRAJIND-EQ,2705,EQ
NSE,PRAENG,PRAENG-EQ,13941,EQ
NSE,PRADPME,PRADPME-EQ,762839,EQ
NSE,PRABHA,PRABHA-EQ,30134,EQ
NSE,PPSL,PPSL-ST,24791,ST
NSE,PPLPHARMA,PPLPHARMA-EQ,11571,EQ
NSE,PPL,PPL-EQ,10297,EQ
NSE,PPAP,PPAP-EQ,15209,EQ
NSE,POWERMECH,POWERMECH-EQ,10473,EQ
NSE,POWERINDIA,POWERINDIA-EQ,18457,EQ
NSE,POWERICA,POWERICA-EQ,761680,EQ
NSE,POWERGRID,POWERGRID-EQ,14977,EQ
NSE,POSITRON,POSITRON-ST,24867,ST
NSE,POONAWALLA,POONAWALLA-EQ,11403,EQ
NSE,PONNIERODE,PONNIERODE-EQ,10661,EQ
NSE,POLYSIL,POLYSIL-SM,22711,SM
NSE,POLYPLEX,POLYPLEX-EQ,2687,EQ
NSE,POLYMED,POLYMED-EQ,25718,EQ
NSE,POLYCAB,POLYCAB-EQ,9590,EQ
NSE,POLICYBZR,POLICYBZR-EQ,6656,EQ
NSE,POKARNA,POKARNA-EQ,17651,EQ
NSE,PODDARMENT,PODDARMENT-EQ,19036,EQ
NSE,POCL,POCL-EQ,14385,EQ
NSE,PNGSREVA,PNGSREVA-EQ,760242,EQ
NSE,PNGJL,PNGJL-EQ,25312,EQ
NSE,PNCINFRA,PNCINFRA-EQ,9385,EQ
NSE,PNC,PNC-EQ,9342,EQ
NSE,PNBHOUSING,PNBHOUSING-EQ,18908,EQ
NSE,PNBGILTS,PNBGILTS-EQ,8736,EQ
NSE,PNB,PNB-EQ,10666,EQ
NSE,PML,PML-EQ,762834,EQ
NSE,PLAZACABLE,PLAZACABLE-BE,19461,BE
NSE,PLATIND,PLATIND-EQ,22930,EQ
NSE,PLASTIBLEN,PLASTIBLEN-EQ,13920,EQ
NSE,PLADAINFO,PLADAINFO-SM,19492,SM
NSE,PKTEA,PKTEA-EQ,10321,EQ
NSE,PIXTRANS,PIXTRANS-EQ,9087,EQ
NSE,PITTIENG,PITTIENG-EQ,14134,EQ
NSE,PIRAMALFIN,PIRAMALFIN-EQ,759551,EQ
NSE,PIONRINV,PIONRINV-EQ,762829,EQ
NSE,PIONEEREMB,PIONEEREMB-EQ,13463,EQ
NSE,PINELABS,PINELABS-EQ,759820,EQ
NSE,PILITA,PILITA-BE,30838,BE
NSE,PILANIINVS,PILANIINVS-EQ,11445,EQ
NSE,PIIND,PIIND-EQ,24184,EQ
NSE,PIGL,PIGL-EQ,15716,EQ
NSE,PIDILITIND,PIDILITIND-EQ,2664,EQ
NSE,PICCADIL,PICCADIL-EQ,757754,EQ
NSE,PHOGLOBAL,PHOGLOBAL-SM,25513,SM
NSE,PHOENIXLTD,PHOENIXLTD-EQ,14552,EQ
NSE,PHLSRG,PHLSRG-SF,751272,SF
NSE,PHLSRDP,PHLSRDP-SF,751411,SF
NSE,PHLSRDI,PHLSRDI-SF,751290,SF
NSE,PHLSDG,PHLSDG-SF,751498,SF
NSE,PHLSDDP,PHLSDDP-SF,751576,SF
NSE,PHLSDDI,PHLSDDI-SF,751512,SF
NSE,PHFL29,PHFL29-N0,761733,N0
NSE,PHARMABEES,PHARMABEES-EQ,4973,EQ
NSE,PHANTOMFX,PHANTOMFX-SM,11612,SM
NSE,PGINVIT,PGINVIT-IV,3494,IV
NSE,PGIMCSR4D,PGIMCSR4D-MF,17998,MF
NSE,PGIMCSR3D,PGIMCSR3D-MF,17997,MF
NSE,PGIMCSR2G,PGIMCSR2G-MF,17996,MF
NSE,PGIMCSR1D,PGIMCSR1D-MF,17995,MF
NSE,PGIMCSA4D,PGIMCSA4D-MF,17994,MF
NSE,PGIMCSA3D,PGIMCSA3D-MF,17993,MF
NSE,PGIMCSA2D,PGIMCSA2D-MF,17986,MF
NSE,PGIMCSA1G,PGIMCSA1G-MF,17985,MF
NSE,PGIL,PGIL-EQ,14260,EQ
NSE,PGHL,PGHL-EQ,940,EQ
NSE,PGHH,PGHH-EQ,2535,EQ
NSE,PGEL,PGEL-EQ,25358,EQ
NSE,PFS,PFS-EQ,22602,EQ
NSE,PFOCUS,PFOCUS-BE,13500,BE
NSE,PFL230125A,PFL230125A-N0,29247,N0
NSE,PFIZER,PFIZER-EQ,2643,EQ
NSE,PFCL41A,PFCL41A-NE,760824,NE
NSE,PFCL41,PFCL41-ND,760823,ND
NSE,PFCL36B,PFCL36B-N9,760807,N9
NSE,PFCL36A,PFCL36A-N8,760806,N8
NSE,PFCL36,PFCL36-N7,760805,N7
NSE,PFC,PFC-EQ,14299,EQ
NSE,PETRONET,PETRONET-EQ,11351,EQ
NSE,PERSISTENT,PERSISTENT-EQ,18365,EQ
NSE,PENTAGON,PENTAGON-SM,17132,SM
NSE,PENINLAND,PENINLAND-BE,5358,BE
NSE,PENIND,PENIND-EQ,20621,EQ
NSE,PELATRO,PELATRO-SM,25408,SM
NSE,PEARLPOLY,PEARLPOLY-BE,8188,BE
NSE,PDSL,PDSL-EQ,5264,EQ
NSE,PDMJEPAPER,PDMJEPAPER-EQ,15377,EQ
NSE,PCPL27,PCPL27-N0,25657,N0
NSE,PCJEWELLER,PCJEWELLER-EQ,29124,EQ
NSE,PCCL,PCCL-SM,24290,SM
NSE,PCBL,PCBL-EQ,2649,EQ
NSE,PAYTM,PAYTM-EQ,6705,EQ
NSE,PAVNAIND,PAVNAIND-BE,16201,BE
NSE,PAUSHAKLTD,PAUSHAKLTD-EQ,759969,EQ
NSE,PATTECH,PATTECH-ST,15143,ST
NSE,PATINTLOG,PATINTLOG-EQ,15219,EQ
NSE,PATILAUTOM,PATILAUTOM-ST,756966,ST
NSE,PATELRMART,PATELRMART-EQ,759439,EQ
NSE,PATELENG,PATELENG-EQ,11699,EQ
NSE,PATANJALI,PATANJALI-EQ,17029,EQ
NSE,PASUPTAC,PASUPTAC-BE,6048,BE
NSE,PASHUPATI,PASHUPATI-EQ,757955,EQ
NSE,PARTYCRUS,PARTYCRUS-SM,2599,SM
NSE,PARTH,PARTH-ST,758220,ST
NSE,PARSVNATH,PARSVNATH-BE,13795,BE
NSE,PARKHOTELS,PARKHOTELS-EQ,22649,EQ
NSE,PARKHOSPS,PARKHOSPS-EQ,760351,EQ
NSE,PARIN,PARIN-SM,5460,SM
NSE,PARASPETRO,PARASPETRO-EQ,3972,EQ
NSE,PARAS,PARAS-EQ,5911,EQ
NSE,PARAMPARA,PARAMPARA-SM,1353,SM
NSE,PARAMOUNT,PARAMOUNT-ST,25720,ST
NSE,PARAMATRIX,PARAMATRIX-SM,25069,SM
NSE,PARAGON,PARAGON-SM,19779,SM
NSE,PARAGMILK,PARAGMILK-EQ,17130,EQ
NSE,PARADEEP,PARADEEP-EQ,9741,EQ
NSE,PARACABLES,PARACABLES-EQ,13951,EQ
NSE,PAR,PAR-EQ,5631,EQ
NSE,PANSARI,PANSARI-EQ,6141,EQ
NSE,PANAMAPET,PANAMAPET-EQ,25392,EQ
NSE,PANACHE,PANACHE-EQ,16292,EQ
NSE,PANACEABIO,PANACEABIO-EQ,4055,EQ
NSE,PALREDTEC,PALREDTEC-BE,17059,BE
NSE,PALASHSECU,PALASHSECU-EQ,21383,EQ
NSE,PAKKA,PAKKA-EQ,17197,EQ
NSE,PAISALO,PAISALO-EQ,25468,EQ
NSE,PAGEIND,PAGEIND-EQ,14413,EQ
NSE,PACEDIGITK,PACEDIGITK-EQ,759342,EQ
NSE,OWAIS,OWAIS-SM,22911,SM
NSE,OSWALSEEDS,OSWALSEEDS-EQ,14305,EQ
NSE,OSWALPUMPS,OSWALPUMPS-EQ,756802,EQ
NSE,OSWALGREEN,OSWALGREEN-EQ,471,EQ
NSE,OSWALAGRO,OSWALAGRO-BE,5362,BE
NSE,OSIAHYPER,OSIAHYPER-BE,12643,BE
NSE,OSELDEVICE,OSELDEVICE-SM,25386,SM
NSE,OSEINTRUST,OSEINTRUST-IV,10435,IV
NSE,OSEINTRUST,OSEINTRUST-BL,10444,BL
NSE,ORTINGLOBE,ORTINGLOBE-BE,2980,BE
NSE,ORTEL,ORTEL-BZ,13321,BZ
NSE,ORKLAINDIA,ORKLAINDIA-EQ,759569,EQ
NSE,ORISSAMINE,ORISSAMINE-EQ,19931,EQ
NSE,ORIENTTECH,ORIENTTECH-EQ,24961,EQ
NSE,ORIENTPPR,ORIENTPPR-EQ,2496,EQ
NSE,ORIENTLTD,ORIENTLTD-EQ,18208,EQ
NSE,ORIENTHOT,ORIENTHOT-EQ,2493,EQ
NSE,ORIENTELEC,ORIENTELEC-EQ,2972,EQ
NSE,ORIENTCER,ORIENTCER-EQ,13111,EQ
NSE,ORIENTCEM,ORIENTCEM-EQ,30089,EQ
NSE,ORIENTBELL,ORIENTBELL-EQ,14278,EQ
NSE,ORIENTALTL,ORIENTALTL-EQ,14346,EQ
NSE,ORICONENT,ORICONENT-EQ,10159,EQ
NSE,ORIANA,ORIANA-SM,17882,SM
NSE,ORCHPHARMA,ORCHPHARMA-EQ,926,EQ
NSE,ORCHASP,ORCHASP-EQ,29492,EQ
NSE,ORBTEXP,ORBTEXP-EQ,31475,EQ
NSE,OPTIVALUE,OPTIVALUE-SM,758900,SM
NSE,OPTIEMUS,OPTIEMUS-EQ,21469,EQ
NSE,ONYX,ONYX-ST,27143,ST
NSE,ONWARDTEC,ONWARDTEC-EQ,2481,EQ
NSE,ONMOBILE,ONMOBILE-EQ,15278,EQ
NSE,ONGC,ONGC-EQ,2475,EQ
NSE,ONESOURCE,ONESOURCE-EQ,29224,EQ
NSE,ONEPOINT,ONEPOINT-EQ,9939,EQ
NSE,ONELIFECAP,ONELIFECAP-BE,25496,BE
NSE,ONDOOR,ONDOOR-ST,19703,ST
NSE,OMPOWER,OMPOWER-EQ,762432,EQ
NSE,OMNI,OMNI-EQ,760865,EQ
NSE,OMINFRAL,OMINFRAL-EQ,24231,EQ
NSE,OMFURN,OMFURN-ST,120,ST
NSE,OMFREIGHT,OMFREIGHT-EQ,759411,EQ
NSE,OMAXE,OMAXE-EQ,14853,EQ
NSE,OMAXAUTO,OMAXAUTO-BE,14125,BE
NSE,OLIL,OLIL-ST,19433,ST
NSE,OLECTRA,OLECTRA-EQ,10637,EQ
NSE,OLAELEC,OLAELEC-EQ,24777,EQ
NSE,OILIETF,OILIETF-EQ,24533,EQ
NSE,OILCOUNTUB,OILCOUNTUB-BE,8109,BE
NSE,OIL,OIL-EQ,17438,EQ
NSE,OFSS,OFSS-EQ,10738,EQ
NSE,ODIGMA,ODIGMA-EQ,27571,EQ
NSE,OCCLLTD,OCCLLTD-BE,25920,BE
NSE,OBSCP,OBSCP-SM,25923,SM
NSE,OBEROIRLTY,OBEROIRLTY-EQ,20242,EQ
NSE,OBCL,OBCL-EQ,8797,EQ
NSE,OAL,OAL-EQ,10768,EQ
NSE,NYKAA,NYKAA-EQ,6545,EQ
NSE,NXT-INFRA,NXT-INFRA-IV,24298,IV
NSE,NXT-INFRA,NXT-INFRA-BL,24301,BL
NSE,NXST,NXST-RR,15815,RR
NSE,NV20IETF,NV20IETF-EQ,17475,EQ
NSE,NV20BEES,NV20BEES-EQ,9847,EQ
NSE,NV20,NV20-EQ,11457,EQ
NSE,NUVOCO,NUVOCO-EQ,5426,EQ
NSE,NUVAMA,NUVAMA-EQ,18721,EQ
NSE,NURECA,NURECA-EQ,2350,EQ
NSE,NUCLEUS,NUCLEUS-EQ,10791,EQ
NSE,NTPCGREEN,NTPCGREEN-EQ,27176,EQ
NSE,NTPC,NTPC-EQ,11630,EQ
NSE,NSLNISP,NSLNISP-EQ,14180,EQ
NSE,NSIL,NSIL-EQ,11239,EQ
NSE,NRVANDANA,NRVANDANA-ST,757492,ST
NSE,NRL,NRL-EQ,13675,EQ
NSE,NRBBEARING,NRBBEARING-EQ,7553,EQ
NSE,NRAIL,NRAIL-EQ,20314,EQ
NSE,NPST,NPST-EQ,756324,EQ
NSE,NPBET,NPBET-EQ,12978,EQ
NSE,NOVARTIND,NOVARTIND-EQ,9007,EQ
NSE,NOVAAGRI,NOVAAGRI-BE,22478,BE
NSE,NORTHARC,NORTHARC-EQ,25426,EQ
NSE,NORBTEAEXP,NORBTEAEXP-EQ,4160,EQ
NSE,NOIDATOLL,NOIDATOLL-BE,11214,BE
NSE,NOCIL,NOCIL-EQ,2442,EQ
NSE,NMSTEEL,NMSTEEL-SM,28801,SM
NSE,NMDC,NMDC-EQ,15332,EQ
NSE,NLCINDIA,NLCINDIA-EQ,8585,EQ
NSE,NKIND,NKIND-EQ,2439,EQ
NSE,NIVABUPA,NIVABUPA-EQ,27097,EQ
NSE,NITTAGELA,NITTAGELA-EQ,762824,EQ
NSE,NITIRAJ,NITIRAJ-EQ,3247,EQ
NSE,NITINSPIN,NITINSPIN-EQ,13175,EQ
NSE,NITCO,NITCO-EQ,13300,EQ
NSE,NIRMAN,NIRMAN-SM,14722,SM
NSE,NIRLON,NIRLON-EQ,2433,EQ
NSE,NIRAJISPAT,NIRAJISPAT-EQ,18840,EQ
NSE,NIRAJ,NIRAJ-BE,261,BE
NSE,NIPPOBATRY,NIPPOBATRY-EQ,6782,EQ
NSE,NINSYS,NINSYS-BE,14197,BE
NSE,NIMBSPROJ,NIMBSPROJ-BE,761723,BE
NSE,NILKAMAL,NILKAMAL-EQ,2421,EQ
NSE,NILE,NILE-EQ,762817,EQ
NSE,NILASPACES,NILASPACES-EQ,7411,EQ
NSE,NILAINFRA,NILAINFRA-EQ,9253,EQ
NSE,NIKITA,NIKITA-SM,758178,SM
NSE,NIITMTS,NIITMTS-EQ,17747,EQ
NSE,NIITLTD,NIITLTD-EQ,11522,EQ
NSE,NIFTYQLITY,NIFTYQLITY-EQ,10690,EQ
NSE,NIFTYIETF,NIFTYIETF-EQ,29553,EQ
NSE,NIFTYETF,NIFTYETF-EQ,6353,EQ
NSE,NIFTYCASE,NIFTYCASE-EQ,759302,EQ
NSE,NIFTYBETF,NIFTYBETF-EQ,21959,EQ
NSE,NIFTYBETA,NIFTYBETA-EQ,10511,EQ
NSE,NIFTYBEES,NIFTYBEES-EQ,10576,EQ
NSE,NIFTYADD,NIFTYADD-EQ,7451,EQ
NSE,NIFTY100EW,NIFTY100EW-EQ,29944,EQ
NSE,NIFTY1,NIFTY1-EQ,18102,EQ
NSE,NIF100IETF,NIF100IETF-EQ,30392,EQ
NSE,NIF100BEES,NIF100BEES-EQ,29577,EQ
NSE,NIDOZC26,NIDOZC26-N7,17868,N7
NSE,NIDAN,NIDAN-SM,6592,SM
NSE,NIBL,NIBL-EQ,29733,EQ
NSE,NIBE,NIBE-EQ,29487,EQ
NSE,NIACL,NIACL-EQ,399,EQ
NSE,NHPC,NHPC-EQ,17400,EQ
NSE,NHIT,NHIT-IV,6531,IV
NSE,NHIT,NHIT-BL,6542,BL
NSE,NH,NH-EQ,11840,EQ
NSE,NGLFINE,NGLFINE-EQ,10277,EQ
NSE,NGIL,NGIL-BE,5404,BE
NSE,NFPSAMPOOR,NFPSAMPOOR-SM,763536,SM
NSE,NFL,NFL-EQ,13925,EQ
NSE,NEXTMEDIA,NEXTMEDIA-EQ,9867,EQ
NSE,NEXT50IETF,NEXT50IETF-EQ,4529,EQ
NSE,NEXT50ETF,NEXT50ETF-EQ,760709,EQ
NSE,NEXT50BETA,NEXT50BETA-EQ,21478,EQ
NSE,NEXT50ADD,NEXT50ADD-EQ,760599,EQ
NSE,NEXT50,NEXT50-EQ,17181,EQ
NSE,NEXT30ADD,NEXT30ADD-EQ,29464,EQ
NSE,NEWJAISA,NEWJAISA-ST,19161,ST
NSE,NEWGEN,NEWGEN-EQ,1164,EQ
NSE,NEULANDLAB,NEULANDLAB-EQ,2406,EQ
NSE,NETWORK18,NETWORK18-EQ,14111,EQ
NSE,NETWEB,NETWEB-EQ,17433,EQ
NSE,NETF,NETF-EQ,7838,EQ
NSE,NESTLEIND,NESTLEIND-EQ,17963,EQ
NSE,NESCO,NESCO-EQ,15409,EQ
NSE,NEPTUNE,NEPTUNE-SM,757493,SM
NSE,NEPHROPLUS,NEPHROPLUS-EQ,760346,EQ
NSE,NEPHROCARE,NEPHROCARE-ST,24353,ST
NSE,NEOGEN,NEOGEN-EQ,9917,EQ
NSE,NEOCHEM,NEOCHEM-ST,760931,ST
NSE,NELCO,NELCO-EQ,2388,EQ
NSE,NELCAST,NELCAST-EQ,14761,EQ
NSE,NEELAM,NEELAM-SM,27123,SM
NSE,NECLIFE,NECLIFE-BE,11930,BE
NSE,NECCLTD,NECCLTD-EQ,13522,EQ
NSE,NEAGI,NEAGI-EQ,762812,EQ
NSE,NDTV,NDTV-EQ,11427,EQ
NSE,NDRINVIT,NDRINVIT-IV,22680,IV
NSE,NDRINVIT,NDRINVIT-BL,22683,BL
NSE,NDRAUTO,NDRAUTO-EQ,22255,EQ
NSE,NDR31,NDR31-N0,761739,N0
NSE,NDLVENTURE,NDLVENTURE-EQ,14547,EQ
NSE,NDL,NDL-EQ,31258,EQ
NSE,NDGL,NDGL-EQ,18371,EQ
NSE,NCLIND,NCLIND-EQ,14490,EQ
NSE,NCC,NCC-EQ,2319,EQ
NSE,NBIFIN,NBIFIN-EQ,19111,EQ
NSE,NBCC,NBCC-EQ,31415,EQ
NSE,NAZARA,NAZARA-EQ,2987,EQ
NSE,NAVNETEDUL,NAVNETEDUL-EQ,2385,EQ
NSE,NAVKARURB,NAVKARURB-EQ,29146,EQ
NSE,NAVKARCORP,NAVKARCORP-EQ,10557,EQ
NSE,NAVINFLUOR,NAVINFLUOR-EQ,14672,EQ
NSE,NAVA,NAVA-EQ,4014,EQ
NSE,NAUKRI,NAUKRI-EQ,13751,EQ
NSE,NATIONSTD,NATIONSTD-EQ,762807,EQ
NSE,NATIONALUM,NATIONALUM-EQ,6364,EQ
NSE,NATHBIOGEN,NATHBIOGEN-EQ,11065,EQ
NSE,NATCOPHARM,NATCOPHARM-EQ,3918,EQ
NSE,NATCAPSUQ,NATCAPSUQ-EQ,29583,EQ
NSE,NARMADA,NARMADA-EQ,11627,EQ
NSE,NAMOEWASTE,NAMOEWASTE-SM,25167,SM
NSE,NAMAN,NAMAN-SM,23379,SM
NSE,NAM-INDIA,NAM-INDIA-EQ,357,EQ
NSE,NAHARSPING,NAHARSPING-BE,14443,BE
NSE,NAHARPOLY,NAHARPOLY-EQ,14445,EQ
NSE,NAHARINDUS,NAHARINDUS-EQ,13106,EQ
NSE,NAHARCAP,NAHARCAP-EQ,15360,EQ
NSE,NAGREEKEXP,NAGREEKEXP-EQ,14702,EQ
NSE,NAGREEKCAP,NAGREEKCAP-BE,14943,BE
NSE,NACLIND,NACLIND-EQ,20425,EQ
NSE,N1NSETEST,N1NSETEST-EQ,12848,EQ
NSE,MYMUDRA,MYMUDRA-SM,25208,SM
NSE,MWL,MWL-EQ,759169,EQ
NSE,MVKAGRO,MVKAGRO-SM,22976,SM
NSE,MVGJL,MVGJL-EQ,19015,EQ
NSE,MUTHOOTMF,MUTHOOTMF-EQ,20831,EQ
NSE,MUTHOOTFIN,MUTHOOTFIN-EQ,23650,EQ
NSE,MUTHOOTCAP,MUTHOOTCAP-EQ,10415,EQ
NSE,MUTF27,MUTF27-NL,23363,NL
NSE,MURUDCERA,MURUDCERA-EQ,2313,EQ
NSE,MUNJALSHOW,MUNJALSHOW-EQ,2307,EQ
NSE,MUNJALAU,MUNJALAU-EQ,13511,EQ
NSE,MUNISH,MUNISH-ST,759419,ST
NSE,MULTICAP,MULTICAP-EQ,25080,EQ
NSE,MUKTAARTS,MUKTAARTS-EQ,8687,EQ
NSE,MUKKA,MUKKA-EQ,22980,EQ
NSE,MUKANDLTD,MUKANDLTD-EQ,11325,EQ
NSE,MUFTI,MUFTI-EQ,20878,EQ
NSE,MUFIN,MUFIN-EQ,19783,EQ
NSE,MTNL,MTNL-EQ,2294,EQ
NSE,MTEDUCARE,MTEDUCARE-BE,31413,BE
NSE,MTARTECH,MTARTECH-EQ,2709,EQ
NSE,MSUMI,MSUMI-EQ,8596,EQ
NSE,MSTCLTD,MSTCLTD-EQ,9356,EQ
NSE,MSPL,MSPL-EQ,11919,EQ
NSE,MSCIINDIA,MSCIINDIA-EQ,29758,EQ
NSE,MSCIADD,MSCIADD-EQ,759978,EQ
NSE,MSCI360,MSCI360-EQ,763602,EQ
NSE,MRPL,MRPL-EQ,2283,EQ
NSE,MRIL,MRIL-SM,758685,SM
NSE,MRF,MRF-EQ,2277,EQ
NSE,MPTODAY,MPTODAY-SM,21792,SM
NSE,MPSLTD,MPSLTD-EQ,10578,EQ
NSE,MPHASIS,MPHASIS-EQ,4503,EQ
NSE,MPEL,MPEL-SM,759351,SM
NSE,MOXSH,MOXSH-ST,13507,ST
NSE,MOVALUE,MOVALUE-EQ,10825,EQ
NSE,MOTOUR,MOTOUR-EQ,757443,EQ
NSE,MOTOGENFIN,MOTOGENFIN-BE,8793,BE
NSE,MOTISONS,MOTISONS-EQ,20788,EQ
NSE,MOTILALOFS,MOTILALOFS-EQ,14947,EQ
NSE,MOTHERSON,MOTHERSON-EQ,4204,EQ
NSE,MOTHERSON,MOTHERSON-D1,25510,D1
NSE,MOSMALL250,MOSMALL250-EQ,23181,EQ
NSE,MOSILVER,MOSILVER-EQ,758457,EQ
NSE,MOSERVICE,MOSERVICE-EQ,760001,EQ
NSE,MOSCHIP,MOSCHIP-EQ,29459,EQ
NSE,MOS,MOS-SM,15051,SM
NSE,MOREPENLAB,MOREPENLAB-EQ,2259,EQ
NSE,MOREALTY,MOREALTY-EQ,23184,EQ
NSE,MORARJEE,MORARJEE-BZ,25876,BZ
NSE,MOQUALITY,MOQUALITY-EQ,10822,EQ
NSE,MOPSE,MOPSE-EQ,757431,EQ
NSE,MONTECARLO,MONTECARLO-EQ,5938,EQ
NSE,MONQ50,MONQ50-EQ,7422,EQ
NSE,MONOPHARMA,MONOPHARMA-SM,18392,SM
NSE,MONOLITH,MONOLITH-SM,756958,SM
NSE,MONIFTY500,MONIFTY500-EQ,19237,EQ
NSE,MONIFTY100,MONIFTY100-EQ,759371,EQ
NSE,MONEYBOXX,MONEYBOXX-EQ,759381,EQ
NSE,MONEXT50,MONEXT50-EQ,757167,EQ
NSE,MONARCH,MONARCH-EQ,7679,EQ
NSE,MON50EQUAL,MON50EQUAL-EQ,756900,EQ
NSE,MON100,MON100-EQ,22739,EQ
NSE,MOMOMENTUM,MOMOMENTUM-EQ,8182,EQ
NSE,MOMNC,MOMNC-EQ,760054,EQ
NSE,MOMIDMTM,MOMIDMTM-EQ,757817,EQ
NSE,MOMGF,MOMGF-EQ,757099,EQ
NSE,MOMENTUM50,MOMENTUM50-EQ,25606,EQ
NSE,MOMENTUM30,MOMENTUM30-EQ,759488,EQ
NSE,MOMENTUM,MOMENTUM-EQ,10693,EQ
NSE,MOM50,MOM50-EQ,19289,EQ
NSE,MOM30IETF,MOM30IETF-EQ,10585,EQ
NSE,MOM100,MOM100-EQ,21423,EQ
NSE,MOLOWVOL,MOLOWVOL-EQ,8654,EQ
NSE,MOLDTKPAC,MOLDTKPAC-EQ,6713,EQ
NSE,MOLDTECH,MOLDTECH-EQ,17625,EQ
NSE,MOL,MOL-EQ,5394,EQ
NSE,MOKSH,MOKSH-EQ,3586,EQ
NSE,MOIPO,MOIPO-EQ,759891,EQ
NSE,MOINFRA,MOINFRA-EQ,757031,EQ
NSE,MOIL,MOIL-EQ,20830,EQ
NSE,MOHITIND,MOHITIND-EQ,29423,EQ
NSE,MOHEALTH,MOHEALTH-EQ,10508,EQ
NSE,MOGSEC,MOGSEC-EQ,1507,EQ
NSE,MOGOLD,MOGOLD-EQ,757791,EQ
NSE,MOENERGY,MOENERGY-EQ,759374,EQ
NSE,MODTHREAD,MODTHREAD-EQ,2241,EQ
NSE,MODISONLTD,MODISONLTD-BE,3325,BE
NSE,MODIS,MODIS-EQ,759752,EQ
NSE,MODIRUBBER,MODIRUBBER-EQ,2229,EQ
NSE,MODINATUR,MODINATUR-BE,760280,BE
NSE,MODEFENCE,MODEFENCE-EQ,24944,EQ
NSE,MOCAPITAL,MOCAPITAL-EQ,30065,EQ
NSE,MOBILISE,MOBILISE-ST,760199,ST
NSE,MOBIKWIK,MOBIKWIK-EQ,28046,EQ
NSE,MOBANK10,MOBANK10-EQ,761693,EQ
NSE,MOALPHA50,MOALPHA50-EQ,757669,EQ
NSE,MNC,MNC-EQ,10676,EQ
NSE,MMWL,MMWL-BE,762805,BE
NSE,MMTC,MMTC-EQ,17957,EQ
NSE,MMP,MMP-EQ,16395,EQ
NSE,MMFL,MMFL-EQ,13844,EQ
NSE,MMEL,MMEL-ST,757813,ST
NSE,MKPL,MKPL-EQ,16736,EQ
NSE,MITTAL,MITTAL-EQ,18562,EQ
NSE,MITCON,MITCON-BE,8475,BE
NSE,MIRZAINT,MIRZAINT-EQ,4394,EQ
NSE,MIRCELECTR,MIRCELECTR-BE,6853,BE
NSE,MINDTECK,MINDTECK-EQ,18049,EQ
NSE,MINDSPACE,MINDSPACE-RR,22308,RR
NSE,MINDPOOL,MINDPOOL-SM,8900,SM
NSE,MINDACORP,MINDACORP-EQ,25897,EQ
NSE,MILTON,MILTON-SM,159,SM
NSE,MIEL,MIEL-SM,24629,SM
NSE,MIDWESTLTD,MIDWESTLTD-EQ,759517,EQ
NSE,MIDSMALL,MIDSMALL-EQ,23855,EQ
NSE,MIDSELIETF,MIDSELIETF-EQ,17702,EQ
NSE,MIDQ50ADD,MIDQ50ADD-EQ,7456,EQ
NSE,MIDHANI,MIDHANI-EQ,2463,EQ
NSE,MIDCAPIETF,MIDCAPIETF-EQ,17152,EQ
NSE,MIDCAPETF,MIDCAPETF-EQ,8413,EQ
NSE,MIDCAPBETA,MIDCAPBETA-EQ,18347,EQ
NSE,MIDCAPADD,MIDCAPADD-EQ,760356,EQ
NSE,MIDCAP,MIDCAP-EQ,8077,EQ
NSE,MID150CASE,MID150CASE-EQ,24077,EQ
NSE,MID150BEES,MID150BEES-EQ,8506,EQ
NSE,MID150,MID150-EQ,30469,EQ
NSE,MICROPRO,MICROPRO-SM,19887,SM
NSE,MICEL,MICEL-EQ,7169,EQ
NSE,MHRIL,MHRIL-EQ,17333,EQ
NSE,MHLXMIRU,MHLXMIRU-EQ,7886,EQ
NSE,MHLSRG,MHLSRG-SF,30558,SF
NSE,MHLSRDR,MHLSRDR-SF,30562,SF
NSE,MHLSRD,MHLSRD-SF,30560,SF
NSE,MHLSDG,MHLSDG-SF,30564,SF
NSE,MHLSDDR,MHLSDDR-SF,30568,SF
NSE,MHLSDD,MHLSDD-SF,30566,SF
NSE,MHHL,MHHL-SM,1426,SM
NSE,MGSL,MGSL-SM,759945,SM
NSE,MGL,MGL-EQ,17534,EQ
NSE,MGEL,MGEL-BE,1598,BE
NSE,MFSL,MFSL-EQ,2142,EQ
NSE,MFML,MFML-EQ,24937,EQ
NSE,MFL29,MFL29-N0,763634,N0
NSE,METROPOLIS,METROPOLIS-EQ,9581,EQ
NSE,METROGLOBL,METROGLOBL-EQ,762797,EQ
NSE,METROBRAND,METROBRAND-EQ,7242,EQ
NSE,METALIETF,METALIETF-EQ,24861,EQ
NSE,METAL,METAL-EQ,25744,EQ
NSE,MERCURYEV,MERCURYEV-BE,763665,BE
NSE,MERCANTILE,MERCANTILE-EQ,762792,EQ
NSE,MEP,MEP-BZ,25882,BZ
NSE,MENONBE,MENONBE-EQ,6961,EQ
NSE,MENNPIS,MENNPIS-EQ,762787,EQ
NSE,MEIL,MEIL-BE,758750,BE
NSE,MEGATHERM,MEGATHERM-SM,22560,SM
NSE,MEGASTAR,MEGASTAR-EQ,8153,EQ
NSE,MEGAFLEX,MEGAFLEX-SM,10971,SM
NSE,MEESHO,MEESHO-EQ,760229,EQ
NSE,MEDPLUS,MEDPLUS-EQ,7254,EQ
NSE,MEDISTEP,MEDISTEP-SM,758423,SM
NSE,MEDIORG,MEDIORG-SM,24239,SM
NSE,MEDICO,MEDICO-EQ,9667,EQ
NSE,MEDICAMEQ,MEDICAMEQ-EQ,6278,EQ
NSE,MEDIASSIST,MEDIASSIST-EQ,21705,EQ
NSE,MEDANTA,MEDANTA-EQ,11956,EQ
NSE,MDL,MDL-ST,2133,ST
NSE,MCX,MCX-EQ,31181,EQ
NSE,MCON,MCON-SM,14574,SM
NSE,MCLOUD,MCLOUD-EQ,29482,EQ
NSE,MCLEODRUSS,MCLEODRUSS-BE,11944,BE
NSE,MCL,MCL-EQ,22360,EQ
NSE,MCCHRLS-B,MCCHRLS-B-EQ,762782,EQ
NSE,MBLINFRA,MBLINFRA-BE,18033,BE
NSE,MBEL,MBEL-EQ,758150,EQ
NSE,MBAPL,MBAPL-EQ,12686,EQ
NSE,MAZDOCK,MAZDOCK-EQ,509,EQ
NSE,MAZDA,MAZDA-EQ,18866,EQ
NSE,MAYURUNIQ,MAYURUNIQ-EQ,28906,EQ
NSE,MAYASHEEL,MAYASHEEL-SM,757587,SM
NSE,MAXVOLT,MAXVOLT-ST,29657,ST
NSE,MAXPOSURE,MAXPOSURE-SM,21691,SM
NSE,MAXIND,MAXIND-EQ,22428,EQ
NSE,MAXHEALTH,MAXHEALTH-EQ,22377,EQ
NSE,MAXESTATES,MAXESTATES-EQ,19646,EQ
NSE,MAWANASUG,MAWANASUG-BE,17026,BE
NSE,MATRIMONY,MATRIMONY-EQ,21726,EQ
NSE,MASTERTR,MASTERTR-EQ,27047,EQ
NSE,MASTER,MASTER-SM,19011,SM
NSE,MASTEK,MASTEK-EQ,2124,EQ
NSE,MASPTOP50,MASPTOP50-EQ,5782,EQ
NSE,MASON,MASON-SM,24278,SM
NSE,MASKINVEST,MASKINVEST-BE,18731,BE
NSE,MASFIN,MASFIN-EQ,199,EQ
NSE,MARUTI,MARUTI-EQ,10999,EQ
NSE,MARUSHIKA,MARUSHIKA-SM,761042,SM
NSE,MARSONS,MARSONS-EQ,761386,EQ
NSE,MARKSANS,MARKSANS-EQ,10579,EQ
NSE,MARKOLINES,MARKOLINES-EQ,760204,EQ
NSE,MARINETRAN,MARINETRAN-SM,20410,SM
NSE,MARINE,MARINE-EQ,1328,EQ
NSE,MARICO,MARICO-EQ,4067,EQ
NSE,MARCO,MARCO-SM,18773,SM
NSE,MARC,MARC-ST,760456,ST
NSE,MARATHON,MARATHON-EQ,18659,EQ
NSE,MARALOVER,MARALOVER-BE,7040,BE
NSE,MAPMYINDIA,MAPMYINDIA-EQ,7227,EQ
NSE,MANYAVAR,MANYAVAR-EQ,8167,EQ
NSE,MANUGRAPH,MANUGRAPH-BE,13575,BE
NSE,MANUFGBEES,MANUFGBEES-EQ,758667,EQ
NSE,MANORG,MANORG-BE,6428,BE
NSE,MANORAMA,MANORAMA-EQ,10227,EQ
NSE,MANOMAY,MANOMAY-EQ,13753,EQ
NSE,MANKIND,MANKIND-EQ,15380,EQ
NSE,MANINFRA,MANINFRA-EQ,18226,EQ
NSE,MANINDS,MANINDS-EQ,11884,EQ
NSE,MANILAM,MANILAM-SM,760174,SM
NSE,MANGLMCEM,MANGLMCEM-EQ,2106,EQ
NSE,MANGALAM,MANGALAM-EQ,11817,EQ
NSE,MANDEEP,MANDEEP-SM,23779,SM
NSE,MANCREDIT,MANCREDIT-EQ,24823,EQ
NSE,MANBA,MANBA-EQ,25597,EQ
NSE,MANAV,MANAV-SM,21697,SM
NSE,MANAPPURAM,MANAPPURAM-EQ,19061,EQ
NSE,MANALIPETC,MANALIPETC-EQ,13796,EQ
NSE,MANAKSTEEL,MANAKSTEEL-BE,7482,BE
NSE,MANAKSIA,MANAKSIA-EQ,15199,EQ
NSE,MANAKCOAT,MANAKCOAT-EQ,7413,EQ
NSE,MANAKALUCO,MANAKALUCO-EQ,7420,EQ
NSE,MAMATA,MAMATA-EQ,28687,EQ
NSE,MALUPAPER,MALUPAPER-EQ,13352,EQ
NSE,MALLCOM,MALLCOM-EQ,7965,EQ
NSE,MAL,MAL-SM,19134,SM
NSE,MAKS,MAKS-SM,11218,SM
NSE,MAKEINDIA,MAKEINDIA-EQ,7979,EQ
NSE,MAJESAUT,MAJESAUT-EQ,762777,EQ
NSE,MAITREYA,MAITREYA-SM,19809,SM
NSE,MAITHANALL,MAITHANALL-EQ,24538,EQ
NSE,MAHSEAMLES,MAHSEAMLES-EQ,2088,EQ
NSE,MAHSCOOTER,MAHSCOOTER-EQ,2085,EQ
NSE,MAHLOG,MAHLOG-EQ,385,EQ
NSE,MAHLIFE,MAHLIFE-EQ,8050,EQ
NSE,MAHKTECH,MAHKTECH-EQ,7074,EQ
NSE,MAHICKRA,MAHICKRA-ST,2840,ST
NSE,MAHESHWARI,MAHESHWARI-BE,9577,BE
NSE,MAHEPC,MAHEPC-EQ,17603,EQ
NSE,MAHASTEEL,MAHASTEEL-BE,17531,BE
NSE,MAHAPEXLTD,MAHAPEXLTD-EQ,5239,EQ
NSE,MAHABANK,MAHABANK-EQ,11377,EQ
NSE,MAGSON,MAGSON-ST,17091,ST
NSE,MAGNUM,MAGNUM-EQ,14957,EQ
NSE,MAGADSUGAR,MAGADSUGAR-EQ,21392,EQ
NSE,MAFATIND,MAFATIND-EQ,762772,EQ
NSE,MAFANG,MAFANG-EQ,3507,EQ
NSE,MADRASFERT,MADRASFERT-EQ,4911,EQ
NSE,MADHUSUDAN,MADHUSUDAN-SM,18728,SM
NSE,MADHUCON,MADHUCON-EQ,13671,EQ
NSE,MADHAVIPL,MADHAVIPL-EQ,762767,EQ
NSE,MADHAVBAUG,MADHAVBAUG-SM,8259,SM
NSE,MADHAV,MADHAV-EQ,15151,EQ
NSE,MACPOWER,MACPOWER-EQ,22347,EQ
NSE,MACOBSTECH,MACOBSTECH-SM,24545,SM
NSE,MAANALU,MAANALU-EQ,15017,EQ
NSE,M&MFIN,M&MFIN-EQ,13285,EQ
NSE,M&M,M&M-EQ,2031,EQ
NSE,LYPSAGEMS,LYPSAGEMS-EQ,31468,EQ
NSE,LYKALABS,LYKALABS-EQ,2028,EQ
NSE,LXCHEM,LXCHEM-EQ,2841,EQ
NSE,LUXIND,LUXIND-EQ,11301,EQ
NSE,LUPIN,LUPIN-EQ,10440,EQ
NSE,LUMAXTECH,LUMAXTECH-EQ,14014,EQ
NSE,LUMAXIND,LUMAXIND-EQ,2018,EQ
NSE,LTTS,LTTS-EQ,18564,EQ
NSE,LTM,LTM-EQ,17818,EQ
NSE,LTGILTCASE,LTGILTCASE-EQ,758705,EQ
NSE,LTGILTBEES,LTGILTBEES-EQ,17700,EQ
NSE,LTFOODS,LTFOODS-EQ,13816,EQ
NSE,LTFL28,LTFL28-N0,758556,N0
NSE,LTF,LTF-EQ,24948,EQ
NSE,LT,LT-EQ,11483,EQ
NSE,LRRPL,LRRPL-SM,14204,SM
NSE,LPDC,LPDC-EQ,16863,EQ
NSE,LOYALTEX,LOYALTEX-BE,10605,BE
NSE,LOWVOLIETF,LOWVOLIETF-EQ,21254,EQ
NSE,LOWVOL1,LOWVOL1-EQ,8632,EQ
NSE,LOWVOL,LOWVOL-EQ,14786,EQ
NSE,LOVABLE,LOVABLE-EQ,22415,EQ
NSE,LOTUSEYE,LOTUSEYE-EQ,16807,EQ
NSE,LOTUSDEV,LOTUSDEV-EQ,758145,EQ
NSE,LORDSCHLO,LORDSCHLO-EQ,18232,EQ
NSE,LOKESHMACH,LOKESHMACH-BE,13439,BE
NSE,LODHA,LODHA-EQ,3220,EQ
NSE,LMW,LMW-EQ,1979,EQ
NSE,LLOYDSME,LLOYDSME-EQ,17313,EQ
NSE,LLOYDSENT,LLOYDSENT-EQ,25807,EQ
NSE,LLOYDSENGG,LLOYDSENGG-EQ,17801,EQ
NSE,LLOYDS,LLOYDS-ST,11476,ST
NSE,LIQUIDSHRI,LIQUIDSHRI-EQ,24374,EQ
NSE,LIQUIDSBI,LIQUIDSBI-EQ,19705,EQ
NSE,LIQUIDPLUS,LIQUIDPLUS-EQ,27075,EQ
NSE,LIQUIDIETF,LIQUIDIETF-EQ,4838,EQ
NSE,LIQUIDETF,LIQUIDETF-EQ,1927,EQ
NSE,LIQUIDCASE,LIQUIDCASE-EQ,21750,EQ
NSE,LIQUIDBETF,LIQUIDBETF-EQ,23915,EQ
NSE,LIQUIDBEES,LIQUIDBEES-EQ,11006,EQ
NSE,LIQUIDADD,LIQUIDADD-EQ,23407,EQ
NSE,LIQUID1,LIQUID1-EQ,13950,EQ
NSE,LIQUID,LIQUID-EQ,17572,EQ
NSE,LIQGRWBEES,LIQGRWBEES-EQ,757725,EQ
NSE,LINDEINDIA,LINDEINDIA-EQ,1627,EQ
NSE,LINCOLN,LINCOLN-EQ,11596,EQ
NSE,LINC,LINC-EQ,6951,EQ
NSE,LIKHITHA,LIKHITHA-BE,579,BE
NSE,LICNMID100,LICNMID100-EQ,22722,EQ
NSE,LICNFNHGP,LICNFNHGP-EQ,15229,EQ
NSE,LICNETFSEN,LICNETFSEN-EQ,11441,EQ
NSE,LICNETFN50,LICNETFN50-EQ,11319,EQ
NSE,LICNETFGSC,LICNETFGSC-EQ,6062,EQ
NSE,LICMFGOLD,LICMFGOLD-EQ,25640,EQ
NSE,LICI,LICI-EQ,9480,EQ
NSE,LICHSGFIN,LICHSGFIN-EQ,1997,EQ
NSE,LIBERTSHOE,LIBERTSHOE-EQ,1994,EQ
NSE,LIBAS,LIBAS-EQ,11082,EQ
NSE,LGHL,LGHL-EQ,19876,EQ
NSE,LGEINDIA,LGEINDIA-EQ,760213,EQ
NSE,LGBBROSLTD,LGBBROSLTD-EQ,18321,EQ
NSE,LFIC,LFIC-EQ,7902,EQ
NSE,LEXUS,LEXUS-EQ,14459,EQ
NSE,LENSKART,LENSKART-EQ,759605,EQ
NSE,LEMONTREE,LEMONTREE-EQ,2606,EQ
NSE,LEMERITE,LEMERITE-EQ,760300,EQ
NSE,LCCINFOTEC,LCCINFOTEC-EQ,7529,EQ
NSE,LAXMIINDIA,LAXMIINDIA-BE,758865,BE
NSE,LAXMIDENTL,LAXMIDENTL-EQ,29171,EQ
NSE,LAXMICOT,LAXMICOT-EQ,6568,EQ
NSE,LAURUSLABS,LAURUSLABS-EQ,19234,EQ
NSE,LATTEYS,LATTEYS-BE,15848,BE
NSE,LATENTVIEW,LATENTVIEW-EQ,6818,EQ
NSE,LASA,LASA-EQ,21713,EQ
NSE,LAOPALA,LAOPALA-EQ,14423,EQ
NSE,LANDSMILL,LANDSMILL-EQ,17376,EQ
NSE,LANDMARK,LANDMARK-EQ,13276,EQ
NSE,LANCORHOL,LANCORHOL-EQ,23027,EQ
NSE,LAMOSAIC,LAMOSAIC-SM,27218,SM
NSE,LAMBODHARA,LAMBODHARA-EQ,6407,EQ
NSE,LALPATHLAB,LALPATHLAB-EQ,11654,EQ
NSE,LAL,LAL-EQ,14924,EQ
NSE,LAKSHYA,LAKSHYA-ST,25863,ST
NSE,LAKPRE,LAKPRE-BZ,4774,BZ
NSE,LAHOTIOV,LAHOTIOV-EQ,762762,EQ
NSE,LAGNAM,LAGNAM-EQ,5865,EQ
NSE,KWIL,KWIL-EQ,760946,EQ
NSE,KUANTUM,KUANTUM-EQ,13870,EQ
NSE,KTKBANK,KTKBANK-EQ,8054,EQ
NSE,KSR,KSR-EQ,759987,EQ
NSE,KSOLVES,KSOLVES-EQ,11060,EQ
NSE,KSL,KSL-EQ,18889,EQ
NSE,KSHITIJPOL,KSHITIJPOL-BE,10412,BE
NSE,KSHINTL,KSHINTL-EQ,760433,EQ
NSE,KSCL,KSCL-EQ,14972,EQ
NSE,KSB,KSB-EQ,1949,EQ
NSE,KRYSTAL,KRYSTAL-EQ,23175,EQ
NSE,KRT,KRT-RR,758431,RR
NSE,KRSNAA,KRSNAA-EQ,5359,EQ
NSE,KROSS,KROSS-EQ,25252,EQ
NSE,KRONOX,KRONOX-EQ,24025,EQ
NSE,KRN,KRN-BE,25645,BE
NSE,KRMAYURVED,KRMAYURVED-ST,760627,ST
NSE,KRITINUT,KRITINUT-BE,11440,BE
NSE,KRITIKA,KRITIKA-EQ,9288,EQ
NSE,KRITI,KRITI-BE,6420,BE
NSE,KRISHPP,KRISHPP-E1,760688,E1
NSE,KRISHNADEF,KRISHNADEF-EQ,761192,EQ
NSE,KRISHIVAL,KRISHIVAL-EQ,756782,EQ
NSE,KRISHCA,KRISHCA-SM,16133,SM
NSE,KRISHANA,KRISHANA-EQ,12847,EQ
NSE,KRIDHANINF,KRIDHANINF-BE,11488,BE
NSE,KREBSBIO,KREBSBIO-EQ,1937,EQ
NSE,KRBL,KRBL-EQ,10577,EQ
NSE,KPRMILL,KPRMILL-EQ,14912,EQ
NSE,KPL,KPL-EQ,762757,EQ
NSE,KPITTECH,KPITTECH-EQ,9683,EQ
NSE,KPIL,KPIL-EQ,1814,EQ
NSE,KPIGREEN,KPIGREEN-EQ,5108,EQ
NSE,KPEL,KPEL-EQ,27079,EQ
NSE,KOVAI,KOVAI-EQ,5192,EQ
NSE,KOTYARK,KOTYARK-EQ,761335,EQ
NSE,KOTIC,KOTIC-EQ,762752,EQ
NSE,KOTHARIPRO,KOTHARIPRO-EQ,5528,EQ
NSE,KOTHARIPET,KOTHARIPET-EQ,4594,EQ
NSE,KOTARISUG,KOTARISUG-EQ,11647,EQ
NSE,KOTAKBANK,KOTAKBANK-EQ,1922,EQ
NSE,KORE,KORE-SM,10889,SM
NSE,KOPRAN,KOPRAN-BE,4951,BE
NSE,KONTOR,KONTOR-SM,19287,SM
NSE,KONSTELEC,KONSTELEC-ST,22475,ST
NSE,KOLTEPATIL,KOLTEPATIL-EQ,15124,EQ
NSE,KOKUYOCMLN,KOKUYOCMLN-EQ,16827,EQ
NSE,KOHINOOR,KOHINOOR-EQ,3009,EQ
NSE,KODYTECH,KODYTECH-SM,18751,SM
NSE,KNRCON,KNRCON-EQ,15283,EQ
NSE,KNAGRI,KNAGRI-EQ,760923,EQ
NSE,KMSUGAR,KMSUGAR-EQ,14667,EQ
NSE,KMEW,KMEW-EQ,27084,EQ
NSE,KLL,KLL-SM,21186,SM
NSE,KLBRENG-B,KLBRENG-B-EQ,762747,EQ
NSE,KKVAPOW,KKVAPOW-SM,17781,SM
NSE,KKJEWELS,KKJEWELS-SM,29192,SM
NSE,KKCL,KKCL-EQ,13381,EQ
NSE,KITEX,KITEX-EQ,28899,EQ
NSE,KISSHT,KISSHT-EQ,763294,EQ
NSE,KIRLPNU,KIRLPNU-EQ,15180,EQ
NSE,KIRLOSIND,KIRLOSIND-EQ,19025,EQ
NSE,KIRLOSENG,KIRLOSENG-EQ,20936,EQ
NSE,KIRLOSBROS,KIRLOSBROS-EQ,18581,EQ
NSE,KIRLFER,KIRLFER-EQ,14466,EQ
NSE,KIRIINDUS,KIRIINDUS-EQ,16639,EQ
NSE,KIRANVYPAR,KIRANVYPAR-EQ,762742,EQ
NSE,KIOCL,KIOCL-EQ,19126,EQ
NSE,KINGFA,KINGFA-EQ,18944,EQ
NSE,KIMS,KIMS-EQ,4847,EQ
NSE,KILITCH,KILITCH-EQ,19937,EQ
NSE,KICL,KICL-EQ,21119,EQ
NSE,KHFM,KHFM-SM,9570,SM
NSE,KHANDSE,KHANDSE-EQ,9641,EQ
NSE,KHAITANLTD,KHAITANLTD-BE,9582,BE
NSE,KHAICHEM,KHAICHEM-BE,902,BE
NSE,KHADIM,KHADIM-EQ,425,EQ
NSE,KFINTECH,KFINTECH-EQ,13359,EQ
NSE,KEYFINSERV,KEYFINSERV-EQ,4157,EQ
NSE,KESORAMIND,KESORAMIND-BE,4981,BE
NSE,KERNEX,KERNEX-EQ,13121,EQ
NSE,KENNAMET,KENNAMET-EQ,11841,EQ
NSE,KEN,KEN-SM,29547,SM
NSE,KELLTONTEC,KELLTONTEC-EQ,13430,EQ
NSE,KEL,KEL-SM,18708,SM
NSE,KEI,KEI-EQ,13310,EQ
NSE,KEEPLEARN,KEEPLEARN-EQ,778,EQ
NSE,KECL,KECL-BE,18224,BE
NSE,KEC,KEC-EQ,13260,EQ
NSE,KDL,KDL-SM,16758,SM
NSE,KDDL,KDDL-EQ,14908,EQ
NSE,KCPSUGIND,KCPSUGIND-EQ,4809,EQ
NSE,KCP,KCP-EQ,1841,EQ
NSE,KCK,KCK-SM,10293,SM
NSE,KCEIL,KCEIL-ST,21185,ST
NSE,KAYTEX,KAYTEX-SM,758868,SM
NSE,KAYNES,KAYNES-EQ,12092,EQ
NSE,KAYA,KAYA-EQ,10276,EQ
NSE,KAVDEFENCE,KAVDEFENCE-EQ,15244,EQ
NSE,KAUSHALYA,KAUSHALYA-EQ,15136,EQ
NSE,KATARIA,KATARIA-SM,24528,SM
NSE,KARURVYSYA,KARURVYSYA-EQ,1838,EQ
NSE,KARNIKA,KARNIKA-SM,19465,SM
NSE,KARMAENG,KARMAENG-EQ,24385,EQ
NSE,KAPSTON,KAPSTON-EQ,18967,EQ
NSE,KANSAINER,KANSAINER-EQ,1196,EQ
NSE,KANPRPLA,KANPRPLA-EQ,1782,EQ
NSE,KANORICHEM,KANORICHEM-BE,9805,BE
NSE,KANDARP,KANDARP-SM,11208,SM
NSE,KANCHI,KANCHI-BE,762740,BE
NSE,KANANIIND,KANANIIND-EQ,25786,EQ
NSE,KAMOPAINTS,KAMOPAINTS-EQ,13814,EQ
NSE,KAMDHENU,KAMDHENU-EQ,13457,EQ
NSE,KAMATHOTEL,KAMATHOTEL-EQ,1826,EQ
NSE,KAMAHOLD,KAMAHOLD-EQ,762732,EQ
NSE,KALYANKJIL,KALYANKJIL-EQ,2955,EQ
NSE,KALYANIFRG,KALYANIFRG-EQ,15156,EQ
NSE,KALYANI,KALYANI-BE,19653,BE
NSE,KALPATARU,KALPATARU-EQ,758558,EQ
NSE,KALANA,KALANA-SM,25443,SM
NSE,KALAMANDIR,KALAMANDIR-EQ,18755,EQ
NSE,KAKATCEM,KAKATCEM-BE,8945,BE
NSE,KAJARIACER,KAJARIACER-EQ,1808,EQ
NSE,KABRAEXTRU,KABRAEXTRU-EQ,1805,EQ
NSE,K2INFRA,K2INFRA-SM,23459,SM
NSE,JYOTISTRUC,JYOTISTRUC-EQ,1802,EQ
NSE,JYOTIGLOBL,JYOTIGLOBL-ST,758224,ST
NSE,JYOTICNC,JYOTICNC-EQ,21334,EQ
NSE,JYOTHYLAB,JYOTHYLAB-EQ,15146,EQ
NSE,JWL,JWL-EQ,20224,EQ
NSE,JUSTDIAL,JUSTDIAL-EQ,29962,EQ
NSE,JUNIPER,JUNIPER-EQ,22824,EQ
NSE,JUNIORBEES,JUNIORBEES-EQ,10939,EQ
NSE,JUBLPHARMA,JUBLPHARMA-EQ,3637,EQ
NSE,JUBLINGREA,JUBLINGREA-EQ,2783,EQ
NSE,JUBLFOOD,JUBLFOOD-EQ,18096,EQ
NSE,JUBLCPL,JUBLCPL-EQ,29590,EQ
NSE,JTLIND,JTLIND-EQ,7287,EQ
NSE,JTEKTINDIA,JTEKTINDIA-EQ,3237,EQ
NSE,JSWSTEEL,JSWSTEEL-EQ,11723,EQ
NSE,JSWINFRA,JSWINFRA-EQ,19020,EQ
NSE,JSWHL,JSWHL-EQ,11880,EQ
NSE,JSWENERGY,JSWENERGY-EQ,17869,EQ
NSE,JSWDULUX,JSWDULUX-EQ,1467,EQ
NSE,JSWCEMENT,JSWCEMENT-EQ,758460,EQ
NSE,JSLL,JSLL-EQ,758115,EQ
NSE,JSL,JSL-EQ,11236,EQ
NSE,JSFB,JSFB-EQ,22663,EQ
NSE,JPPOWER,JPPOWER-EQ,11763,EQ
NSE,JPOLYINVST,JPOLYINVST-EQ,31507,EQ
NSE,JOCIL,JOCIL-BE,16931,BE
NSE,JNKINDIA,JNKINDIA-EQ,23621,EQ
NSE,JMFINANCIL,JMFINANCIL-EQ,13637,EQ
NSE,JMA,JMA-EQ,7109,EQ
NSE,JLHL,JLHL-EQ,18553,EQ
NSE,JKTYRE,JKTYRE-EQ,14435,EQ
NSE,JKPAPER,JKPAPER-EQ,11860,EQ
NSE,JKLAKSHMI,JKLAKSHMI-EQ,13491,EQ
NSE,JKIPL,JKIPL-BE,759206,BE
NSE,JKIL,JKIL-EQ,15266,EQ
NSE,JKCEMENT,JKCEMENT-EQ,13270,EQ
NSE,JIWANRAM,JIWANRAM-SM,18558,SM
NSE,JITFINFRA,JITFINFRA-EQ,19691,EQ
NSE,JISLJALEQS,JISLJALEQS-EQ,10397,EQ
NSE,JISLDVREQS,JISLDVREQS-EQ,25684,EQ
NSE,JIOFIN,JIOFIN-EQ,18143,EQ
NSE,JINDWORLD,JINDWORLD-EQ,20642,EQ
NSE,JINDRILL,JINDRILL-EQ,13875,EQ
NSE,JINDALSTEL,JINDALSTEL-EQ,6733,EQ
NSE,JINDALSAW,JINDALSAW-EQ,3024,EQ
NSE,JINDALPOLY,JINDALPOLY-EQ,1756,EQ
NSE,JINDALPHOT,JINDALPHOT-EQ,11743,EQ
NSE,JHS,JHS-EQ,13720,EQ
NSE,JGCHEM,JGCHEM-EQ,23056,EQ
NSE,JFLLIFE,JFLLIFE-SM,10885,SM
NSE,JEYYAM,JEYYAM-SM,25147,SM
NSE,JETKNIT,JETKNIT-ST,18700,ST
NSE,JETFREIGHT,JETFREIGHT-EQ,7211,EQ
NSE,JBMA,JBMA-EQ,11655,EQ
NSE,JBCHEPHARM,JBCHEPHARM-EQ,1726,EQ
NSE,JAYSREETEA,JAYSREETEA-EQ,1720,EQ
NSE,JAYNECOIND,JAYNECOIND-EQ,2331,EQ
NSE,JAYKAY,JAYKAY-EQ,760073,EQ
NSE,JAYESH,JAYESH-SM,759159,SM
NSE,JAYBEE,JAYBEE-ST,25040,ST
NSE,JAYBARMARU,JAYBARMARU-EQ,1708,EQ
NSE,JAYAGROGN,JAYAGROGN-EQ,4041,EQ
NSE,JASH,JASH-EQ,13982,EQ
NSE,JARO,JARO-EQ,759951,EQ
NSE,JAMNAAUTO,JAMNAAUTO-EQ,20778,EQ
NSE,JALAN,JALAN-SM,20929,SM
NSE,JAKHARIA,JAKHARIA-ST,3950,ST
NSE,JAIPURKURT,JAIPURKURT-EQ,5516,EQ
NSE,JAINREC,JAINREC-EQ,759244,EQ
NSE,JAINIK,JAINIK-SM,758303,SM
NSE,JAINAM,JAINAM-SM,6012,SM
NSE,JAICORPLTD,JAICORPLTD-EQ,5143,EQ
NSE,JAIBALAJI,JAIBALAJI-BE,14076,BE
NSE,JAGSNPHARM,JAGSNPHARM-EQ,4410,EQ
NSE,JAGRAN,JAGRAN-EQ,13211,EQ
NSE,J&KBANK,J&KBANK-EQ,5633,EQ
NSE,IZMO,IZMO-EQ,14174,EQ
NSE,IXIGO,IXIGO-EQ,24067,EQ
NSE,IWP,IWP-EQ,762727,EQ
NSE,IWARE,IWARE-ST,757644,ST
NSE,IVZINNIFTY,IVZINNIFTY-EQ,24217,EQ
NSE,IVZINGOLD,IVZINGOLD-EQ,18292,EQ
NSE,IVP,IVP-EQ,1681,EQ
NSE,IVC,IVC-EQ,6711,EQ
NSE,IVALUE,IVALUE-EQ,759041,EQ
NSE,ITTL,ITTL-ST,27266,ST
NSE,ITIETF,ITIETF-EQ,22365,EQ
NSE,ITI,ITI-EQ,1675,EQ
NSE,ITETF,ITETF-EQ,19633,EQ
NSE,ITDC,ITDC-EQ,19299,EQ
NSE,ITCHOTELS,ITCHOTELS-EQ,29251,EQ
NSE,ITC,ITC-EQ,1660,EQ
NSE,ITBETA,ITBETA-EQ,22488,EQ
NSE,ITBEES,ITBEES-EQ,19084,EQ
NSE,ITALIANE,ITALIANE-SM,22645,SM
NSE,ITADD,ITADD-EQ,17207,EQ
NSE,IT,IT-EQ,2627,EQ
NSE,ISIFHLSG,ISIFHLSG-SF,761655,SF
NSE,ISIFHLSDG,ISIFHLSDG-SF,761653,SF
NSE,ISIFAAFG,ISIFAAFG-SF,31080,SF
NSE,ISIFAAFDG,ISIFAAFDG-SF,31043,SF
NSE,ISHANCH,ISHANCH-EQ,30249,EQ
NSE,ISHAN,ISHAN-SM,10995,SM
NSE,ISGEC,ISGEC-EQ,3329,EQ
NSE,ISFT,ISFT-EQ,18479,EQ
NSE,IRMENERGY,IRMENERGY-EQ,19597,EQ
NSE,IRISDOREME,IRISDOREME-EQ,2275,EQ
NSE,IRIS,IRIS-EQ,6489,EQ
NSE,IRFC,IRFC-EQ,2029,EQ
NSE,IREDA,IREDA-EQ,20261,EQ
NSE,IRCTC,IRCTC-EQ,13611,EQ
NSE,IRCON,IRCON-EQ,4986,EQ
NSE,IRBIT,IRBIT-IV,14806,IV
NSE,IRBIT,IRBIT-BL,14810,BL
NSE,IRBINVIT,IRBINVIT-IV,20817,IV
NSE,IRB,IRB-EQ,15313,EQ
NSE,IPSL,IPSL-SM,11903,SM
NSE,IPL,IPL-EQ,4934,EQ
NSE,IPHL,IPHL-SM,25033,SM
NSE,IPCALAB,IPCALAB-EQ,1633,EQ
NSE,IONEXCHANG,IONEXCHANG-EQ,1630,EQ
NSE,IOLCP,IOLCP-EQ,20413,EQ
NSE,IOC,IOC-EQ,1624,EQ
NSE,IOB,IOB-EQ,9348,EQ
NSE,INVPRECQ,INVPRECQ-EQ,762722,EQ
NSE,INVICTA,INVICTA-ST,760142,ST
NSE,INVENTURE,INVENTURE-EQ,24870,EQ
NSE,INTLCONV,INTLCONV-EQ,5606,EQ
NSE,INTERNET,INTERNET-EQ,758595,EQ
NSE,INTERISE,INTERISE-IV,2892,IV
NSE,INTERISE,INTERISE-BL,2902,BL
NSE,INTERARCH,INTERARCH-EQ,24909,EQ
NSE,INTENTECH,INTENTECH-EQ,20071,EQ
NSE,INTELLECT,INTELLECT-EQ,5926,EQ
NSE,INTEGRITY,INTEGRITY-ST,757905,ST
NSE,INSPIRISYS,INSPIRISYS-BE,13734,BE
NSE,INSPIRE,INSPIRE-ST,19157,ST
NSE,INSECTICID,INSECTICID-EQ,14657,EQ
NSE,INOXWIND,INOXWIND-EQ,7852,EQ
NSE,INOXINDIA,INOXINDIA-EQ,20607,EQ
NSE,INOXGREEN,INOXGREEN-EQ,12188,EQ
NSE,INNOVISION,INNOVISION-EQ,761528,EQ
NSE,INNOVANA,INNOVANA-EQ,27754,EQ
NSE,INNOVACAP,INNOVACAP-EQ,21062,EQ
NSE,INNOMET,INNOMET-ST,25323,ST
NSE,INM,INM-SM,22770,SM
NSE,INGERRAND,INGERRAND-EQ,1597,EQ
NSE,INFY,INFY-EQ,1594,EQ
NSE,INFRAIETF,INFRAIETF-EQ,10723,EQ
NSE,INFRABEES,INFRABEES-EQ,20072,EQ
NSE,INFRA,INFRA-EQ,761030,EQ
NSE,INFOMEDIA,INFOMEDIA-EQ,13693,EQ
NSE,INFOLLION,INFOLLION-SM,16588,SM
NSE,INFOBEAN,INFOBEAN-EQ,11027,EQ
NSE,INFLUX,INFLUX-SM,757602,SM
NSE,INFINIUM,INFINIUM-SM,15036,SM
NSE,INDUSTOWER,INDUSTOWER-EQ,29135,EQ
NSE,INDUSINVIT,INDUSINVIT-IV,23036,IV
NSE,INDUSINDBK,INDUSINDBK-EQ,5258,EQ
NSE,INDTERRAIN,INDTERRAIN-EQ,21957,EQ
NSE,INDSWFTLAB,INDSWFTLAB-EQ,4870,EQ
NSE,INDRAMEDCO,INDRAMEDCO-EQ,4751,EQ
NSE,INDPRUD,INDPRUD-EQ,762717,EQ
NSE,INDOWIND,INDOWIND-BE,14956,BE
NSE,INDOUS,INDOUS-EQ,25503,EQ
NSE,INDOTHAI,INDOTHAI-EQ,25608,EQ
NSE,INDOTECH,INDOTECH-BE,13278,BE
NSE,INDOSTAR,INDOSTAR-EQ,3088,EQ
NSE,INDORAMA,INDORAMA-EQ,10993,EQ
NSE,INDOFARM,INDOFARM-EQ,29025,EQ
NSE,INDOCO,INDOCO-EQ,11677,EQ
NSE,INDOBORAX,INDOBORAX-EQ,8614,EQ
NSE,INDOAMIN,INDOAMIN-EQ,9116,EQ
NSE,INDNIPPON,INDNIPPON-EQ,4747,EQ
NSE,INDIQUBE,INDIQUBE-EQ,757845,EQ
NSE,INDIGRID,INDIGRID-IV,20988,IV
NSE,INDIGOPNTS,INDIGOPNTS-EQ,2048,EQ
NSE,INDIGO,INDIGO-EQ,11195,EQ
NSE,INDIFRA,INDIFRA-SM,21058,SM
NSE,INDIASHLTR,INDIASHLTR-EQ,20556,EQ
NSE,INDIANHUME,INDIANHUME-EQ,1530,EQ
NSE,INDIANCARD,INDIANCARD-EQ,4422,EQ
NSE,INDIANB,INDIANB-EQ,14309,EQ
NSE,INDIAMART,INDIAMART-EQ,10726,EQ
NSE,INDIAGLYCO,INDIAGLYCO-EQ,1521,EQ
NSE,INDIACEM,INDIACEM-EQ,1515,EQ
NSE,INDHOTEL,INDHOTEL-EQ,1512,EQ
NSE,INDGN,INDGN-EQ,23693,EQ
NSE,INDBANK,INDBANK-EQ,16933,EQ
NSE,INCREDIBLE,INCREDIBLE-EQ,17507,EQ
NSE,INA,INA-EQ,761099,EQ
NSE,IMPAL,IMPAL-EQ,12009,EQ
NSE,IMFA,IMFA-EQ,19235,EQ
NSE,IMC1,IMC1-N3,14228,N3
NSE,IMC1,IMC1-N2,14224,N2
NSE,IMC1,IMC1-N1,14219,N1
NSE,IMAGICAA,IMAGICAA-EQ,7672,EQ
NSE,IL&FSTRANS,IL&FSTRANS-BZ,9381,BZ
NSE,IL&FSENGG,IL&FSENGG-BZ,9380,BZ
NSE,IKS,IKS-EQ,28125,EQ
NSE,IKIO,IKIO-EQ,16822,EQ
NSE,IITL,IITL-EQ,19525,EQ
NSE,IIFLZC28C,IIFLZC28C-N6,5217,N6
NSE,IIFLZC28B,IIFLZC28B-Y1,17043,Y1
NSE,IIFLZC28A,IIFLZC28A-NU,13858,NU
NSE,IIFLZC28,IIFLZC28-NG,2883,NG
NSE,IIFLZC26,IIFLZC26-NN,6207,NN
NSE,IIFLHFZC27,IIFLHFZC27-NB,7666,NB
NSE,IIFLHF29,IIFLHF29-NE,7674,NE
NSE,IIFLCAPS,IIFLCAPS-EQ,13072,EQ
NSE,IIFL60326,IIFL60326-YB,761123,YB
NSE,IIFL21425A,IIFL21425A-Y1,756145,Y1
NSE,IIFL21425,IIFL21425-NY,756142,NY
NSE,IIFL210425,IIFL210425-NW,756140,NW
NSE,IIFL06326,IIFL06326-YC,761124,YC
NSE,IIFL060326,IIFL060326-YA,761122,YA
NSE,IIFL,IIFL-EQ,11809,EQ
NSE,IHFL261224,IHFL261224-N1,28854,N1
NSE,IHF261224A,IHF261224A-N1,28874,N1
NSE,IHF261224,IHF261224-N1,28861,N1
NSE,IGPL,IGPL-EQ,14086,EQ
NSE,IGL,IGL-EQ,11262,EQ
NSE,IGIL,IGIL-EQ,28378,EQ
NSE,IGCL,IGCL-EQ,757801,EQ
NSE,IGARASHI,IGARASHI-EQ,634,EQ
NSE,IFGLEXPOR,IFGLEXPOR-EQ,436,EQ
NSE,IFD3GPD,IFD3GPD-MF,18177,MF
NSE,IFD3DPD,IFD3DPD-MF,18176,MF
NSE,IFCI,IFCI-EQ,1491,EQ
NSE,IFBIND,IFBIND-EQ,1485,EQ
NSE,IFBAGRO,IFBAGRO-BE,9300,BE
NSE,IF3GPD,IF3GPD-MF,18175,MF
NSE,IF3DPD,IF3DPD-MF,18174,MF
NSE,IEX,IEX-EQ,220,EQ
NSE,IEML,IEML-SM,23789,SM
NSE,IDFNIFTYET,IDFNIFTYET-EQ,18783,EQ
NSE,IDFCFIRSTB,IDFCFIRSTB-EQ,11184,EQ
NSE,IDENTICAL,IDENTICAL-ST,28590,ST
NSE,IDEALTECHO,IDEALTECHO-SM,24950,SM
NSE,IDEAFORGE,IDEAFORGE-BE,17142,BE
NSE,IDEA,IDEA-EQ,14366,EQ
NSE,IDBI,IDBI-EQ,1476,EQ
NSE,ICRA,ICRA-EQ,14523,EQ
NSE,ICIL,ICIL-EQ,11987,EQ
NSE,ICICM58,ICICM58-Y1,5331,Y1
NSE,ICICIPRULI,ICICIPRULI-EQ,18652,EQ
NSE,ICICIGI,ICICIGI-EQ,21770,EQ
NSE,ICICIBANK,ICICIBANK-EQ,4963,EQ
NSE,ICICIB22,ICICIB22-EQ,522,EQ
NSE,ICICIAMC,ICICIAMC-EQ,760407,EQ
NSE,ICEMAKE,ICEMAKE-EQ,489,EQ
NSE,ICDSLTD,ICDSLTD-EQ,6977,EQ
NSE,IBULLSLTD,IBULLSLTD-BE,25003,BE
NSE,IBLFL,IBLFL-SM,21348,SM
NSE,HYUNDAI,HYUNDAI-EQ,25844,EQ
NSE,HYBRIDFIN,HYBRIDFIN-EQ,12809,EQ
NSE,HVAX,HVAX-SM,25708,SM
NSE,HUHTAMAKI,HUHTAMAKI-EQ,2562,EQ
NSE,HUDCO,HUDCO-EQ,20825,EQ
NSE,HUBTOWN,HUBTOWN-EQ,14203,EQ
NSE,HTMEDIA,HTMEDIA-EQ,11979,EQ
NSE,HSCL,HSCL-EQ,14334,EQ
NSE,HSBCGOLD,HSBCGOLD-EQ,761506,EQ
NSE,HRHNEXT,HRHNEXT-SM,21107,SM
NSE,HPTL,HPTL-SM,29875,SM
NSE,HPL,HPL-EQ,18679,EQ
NSE,HPIL,HPIL-EQ,11796,EQ
NSE,HPAL,HPAL-EQ,7376,EQ
NSE,HONDAPOWER,HONDAPOWER-EQ,3138,EQ
NSE,HONAUT,HONAUT-EQ,3417,EQ
NSE,HONASA,HONASA-EQ,19813,EQ
NSE,HOMESFY,HOMESFY-SM,13526,SM
NSE,HOMEFIRST,HOMEFIRST-EQ,2056,EQ
NSE,HOLMARC,HOLMARC-SM,18649,SM
NSE,HOACFOODS,HOACFOODS-ST,23826,ST
NSE,HNGSNGBEES,HNGSNGBEES-EQ,18284,EQ
NSE,HNDFDS,HNDFDS-EQ,12173,EQ
NSE,HMVL,HMVL-EQ,19211,EQ
NSE,HMT,HMT-BZ,19698,BZ
NSE,HMAAGRO,HMAAGRO-EQ,17053,EQ
NSE,HLVLTD,HLVLTD-EQ,1448,EQ
NSE,HLEGLAS,HLEGLAS-EQ,2289,EQ
NSE,HITECHGEAR,HITECHGEAR-BE,8568,BE
NSE,HITECHCORP,HITECHCORP-BE,15165,BE
NSE,HITECH,HITECH-EQ,2868,EQ
NSE,HISARMETAL,HISARMETAL-EQ,19322,EQ
NSE,HIRECT,HIRECT-EQ,13890,EQ
NSE,HINDZINC,HINDZINC-EQ,1424,EQ
NSE,HINDWAREAP,HINDWAREAP-EQ,15883,EQ
NSE,HINDUNILVR,HINDUNILVR-EQ,1394,EQ
NSE,HINDPETRO,HINDPETRO-EQ,1406,EQ
NSE,HINDOILEXP,HINDOILEXP-EQ,1403,EQ
NSE,HINDCOPPER,HINDCOPPER-EQ,17939,EQ
NSE,HINDCON,HINDCON-BE,4924,BE
NSE,HINDCOMPOS,HINDCOMPOS-EQ,1372,EQ
NSE,HINDALCO,HINDALCO-EQ,1363,EQ
NSE,HIMATSEIDE,HIMATSEIDE-EQ,1360,EQ
NSE,HILTON,HILTON-BE,14631,BE
NSE,HILINFRA,HILINFRA-BE,759104,BE
NSE,HIKAL,HIKAL-EQ,9668,EQ
NSE,HIGREEN,HIGREEN-SM,18794,SM
NSE,HGS,HGS-EQ,14712,EQ
NSE,HGM,HGM-EQ,13592,EQ
NSE,HGINFRA,HGINFRA-EQ,1672,EQ
NSE,HFMPM23RQD,HFMPM23RQD-MF,14738,MF
NSE,HFMPM23RND,HFMPM23RND-MF,14737,MF
NSE,HFMPM23RGR,HFMPM23RGR-MF,14735,MF
NSE,HFMPM23DQD,HFMPM23DQD-MF,14733,MF
NSE,HFMPM23DND,HFMPM23DND-MF,14731,MF
NSE,HFMPM23DGR,HFMPM23DGR-MF,14726,MF
NSE,HFMPCC75RD,HFMPCC75RD-MF,18192,MF
NSE,HFMPCC75DD,HFMPCC75DD-MF,18191,MF
NSE,HFMPCC50RD,HFMPCC50RD-MF,18186,MF
NSE,HFMPCC50DD,HFMPCC50DD-MF,18185,MF
NSE,HFCL,HFCL-EQ,21951,EQ
NSE,HEXT,HEXT-EQ,29666,EQ
NSE,HEXATRADEX,HEXATRADEX-EQ,27008,EQ
NSE,HEXAGON,HEXAGON-BE,750116,BE
NSE,HESTERBIO,HESTERBIO-EQ,7048,EQ
NSE,HEROMOTOCO,HEROMOTOCO-EQ,1348,EQ
NSE,HERITGFOOD,HERITGFOOD-EQ,4598,EQ
NSE,HERANBA,HERANBA-EQ,2614,EQ
NSE,HEMIPROP,HEMIPROP-EQ,701,EQ
NSE,HEIDELBERG,HEIDELBERG-EQ,2316,EQ
NSE,HEG,HEG-EQ,1336,EQ
NSE,HECPROJECT,HECPROJECT-EQ,7425,EQ
NSE,HEALTHY,HEALTHY-EQ,6297,EQ
NSE,HEALTHX,HEALTHX-EQ,20063,EQ
NSE,HEALTHIETF,HEALTHIETF-EQ,3626,EQ
NSE,HEALTHCARE,HEALTHCARE-EQ,760986,EQ
NSE,HEALTHADD,HEALTHADD-EQ,22592,EQ
NSE,HEADSUP,HEADSUP-EQ,19205,EQ
NSE,HDIL,HDIL-BZ,17920,BZ
NSE,HDFCVALUE,HDFCVALUE-EQ,11260,EQ
NSE,HDFCSML250,HDFCSML250-EQ,14233,EQ
NSE,HDFCSILVER,HDFCSILVER-EQ,10876,EQ
NSE,HDFCSENSEX,HDFCSENSEX-EQ,11593,EQ
NSE,HDFCQUAL,HDFCQUAL-EQ,11255,EQ
NSE,HDFCPVTBAN,HDFCPVTBAN-EQ,12108,EQ
NSE,HDFCPSUBK,HDFCPSUBK-EQ,22595,EQ
NSE,HDFCNIFTY,HDFCNIFTY-EQ,11591,EQ
NSE,HDFCNIFIT,HDFCNIFIT-EQ,12101,EQ
NSE,HDFCNIFBAN,HDFCNIFBAN-EQ,22433,EQ
NSE,HDFCNIF100,HDFCNIF100-EQ,10633,EQ
NSE,HDFCNEXT50,HDFCNEXT50-EQ,10619,EQ
NSE,HDFCMOMENT,HDFCMOMENT-EQ,11538,EQ
NSE,HDFCMID150,HDFCMID150-EQ,14236,EQ
NSE,HDFCLOWVOL,HDFCLOWVOL-EQ,11547,EQ
NSE,HDFCLIQUID,HDFCLIQUID-EQ,18279,EQ
NSE,HDFCLIFE,HDFCLIFE-EQ,467,EQ
NSE,HDFCGROWTH,HDFCGROWTH-EQ,11241,EQ
NSE,HDFCGOLD,HDFCGOLD-EQ,19543,EQ
NSE,HDFCBSE500,HDFCBSE500-EQ,14230,EQ
NSE,HDFCBANK,HDFCBANK-EQ,1333,EQ
NSE,HDFCAMC,HDFCAMC-EQ,4244,EQ
NSE,HDFC2638RQ,HDFC2638RQ-MF,14332,MF
NSE,HDFC2638RG,HDFC2638RG-MF,14327,MF
NSE,HDFC2638RD,HDFC2638RD-MF,14330,MF
NSE,HDFC2638DQ,HDFC2638DQ-MF,14336,MF
NSE,HDFC2638DG,HDFC2638DG-MF,14335,MF
NSE,HDFC1406RQ,HDFC1406RQ-MF,10843,MF
NSE,HDFC1406RG,HDFC1406RG-MF,10842,MF
NSE,HDFC1406RD,HDFC1406RD-MF,10841,MF
NSE,HDFC1406DQ,HDFC1406DQ-MF,10840,MF
NSE,HDFC1406DG,HDFC1406DG-MF,10839,MF
NSE,HDFC1406DD,HDFC1406DD-MF,10838,MF
NSE,HDFC1359RQ,HDFC1359RQ-MF,11565,MF
NSE,HDFC1359RG,HDFC1359RG-MF,11563,MF
NSE,HDFC1359RD,HDFC1359RD-MF,11562,MF
NSE,HDFC1359DQ,HDFC1359DQ-MF,11561,MF
NSE,HDFC1359DG,HDFC1359DG-MF,11560,MF
NSE,HDFC1359DD,HDFC1359DD-MF,11559,MF
NSE,HDBFS,HDBFS-EQ,757772,EQ
NSE,HDAIF1BDDR,HDAIF1BDDR-MF,29732,MF
NSE,HCLTECH,HCLTECH-EQ,7229,EQ
NSE,HCL-INSYS,HCL-INSYS-EQ,1327,EQ
NSE,HCG,HCG-EQ,15555,EQ
NSE,HCC,HCC-EQ,1375,EQ
NSE,HBSL,HBSL-BE,4118,BE
NSE,HBLENGINE,HBLENGINE-EQ,13966,EQ
NSE,HBESD,HBESD-EQ,762712,EQ
NSE,HAWKINCOOK,HAWKINCOOK-EQ,4444,EQ
NSE,HAVISHA,HAVISHA-EQ,7457,EQ
NSE,HAVELLS,HAVELLS-EQ,9819,EQ
NSE,HATSUN,HATSUN-EQ,3892,EQ
NSE,HATHWAY,HATHWAY-EQ,18154,EQ
NSE,HARSHA,HARSHA-EQ,11162,EQ
NSE,HARRMALAYA,HARRMALAYA-EQ,1313,EQ
NSE,HARIOMPIPE,HARIOMPIPE-EQ,8968,EQ
NSE,HARDWYN,HARDWYN-EQ,8962,EQ
NSE,HAPPYFORGE,HAPPYFORGE-EQ,20854,EQ
NSE,HAPPSTMNDS,HAPPSTMNDS-EQ,48,EQ
NSE,HALEOSLABS,HALEOSLABS-EQ,21551,EQ
NSE,HALDYNGL,HALDYNGL-EQ,762705,EQ
NSE,HALDER,HALDER-EQ,760715,EQ
NSE,HAL,HAL-EQ,2303,EQ
NSE,H1876D46RQ,H1876D46RQ-MF,8777,MF
NSE,H1876D46RD,H1876D46RD-MF,8776,MF
NSE,H1876D46DQ,H1876D46DQ-MF,8774,MF
NSE,H1876D46DG,H1876D46DG-MF,8773,MF
NSE,H1876D46DD,H1876D46DD-MF,8770,MF
NSE,H187646RG,H187646RG-MF,8761,MF
NSE,H1861D46RQ,H1861D46RQ-MF,8465,MF
NSE,H1861D46RG,H1861D46RG-MF,8455,MF
NSE,H1861D46RD,H1861D46RD-MF,8450,MF
NSE,H1861D46DQ,H1861D46DQ-MF,8446,MF
NSE,H1861D46DG,H1861D46DG-MF,8445,MF
NSE,H1861D46DD,H1861D46DD-MF,8442,MF
NSE,GVT&D,GVT&D-EQ,16783,EQ
NSE,GVPTECHPP,GVPTECHPP-E1,758136,E1
NSE,GVPTECH,GVPTECH-EQ,10865,EQ
NSE,GVPIL,GVPIL-EQ,7862,EQ
NSE,GVKPIL,GVKPIL-BE,13229,BE
NSE,GURUNANAK,GURUNANAK-ST,759264,ST
NSE,GULPOLY,GULPOLY-EQ,6286,EQ
NSE,GULFPETRO,GULFPETRO-BE,11584,BE
NSE,GULFOILLUB,GULFOILLUB-EQ,4391,EQ
NSE,GUJTHEM,GUJTHEM-EQ,29731,EQ
NSE,GUJRAFFIA,GUJRAFFIA-EQ,4548,EQ
NSE,GUJGASLTD,GUJGASLTD-EQ,10599,EQ
NSE,GUJAPOLLO,GUJAPOLLO-EQ,14677,EQ
NSE,GUJALKALI,GUJALKALI-EQ,1267,EQ
NSE,GUFICBIO,GUFICBIO-EQ,11606,EQ
NSE,GTPL,GTPL-EQ,21195,EQ
NSE,GTLINFRA,GTLINFRA-EQ,13745,EQ
NSE,GTL,GTL-EQ,1162,EQ
NSE,GTECJAINX,GTECJAINX-BE,1135,BE
NSE,GSTL,GSTL-ST,9768,ST
NSE,GSS,GSS-BE,15351,BE
NSE,GSPCROP,GSPCROP-EQ,762239,EQ
NSE,GSMFOILS,GSMFOILS-SM,23888,SM
NSE,GSLSU,GSLSU-EQ,14599,EQ
NSE,GSFC,GSFC-EQ,1247,EQ
NSE,GSEC5IETF,GSEC5IETF-EQ,8342,EQ
NSE,GSEC10YEAR,GSEC10YEAR-EQ,14938,EQ
NSE,GSEC10IETF,GSEC10IETF-EQ,13143,EQ
NSE,GSEC10ABSL,GSEC10ABSL-EQ,24847,EQ
NSE,GS220850C,GS220850C-GS,4553,GS
NSE,GS220840C,GS220840C-GS,4546,GS
NSE,GS220836C,GS220836C-GS,4494,GS
NSE,GS220831C,GS220831C-GS,4431,GS
NSE,GS220830C,GS220830C-GS,4427,GS
NSE,GS220261P,GS220261P-GS,4395,GS
NSE,GS220261C,GS220261C-GS,4555,GS
NSE,GS220250C,GS220250C-GS,4552,GS
NSE,GS220240C,GS220240C-GS,4520,GS
NSE,GS220236C,GS220236C-GS,4432,GS
NSE,GS220231C,GS220231C-GS,4429,GS
NSE,GS220230C,GS220230C-GS,4423,GS
NSE,GS151226C,GS151226C-GS,4409,GS
NSE,GRWRHITECH,GRWRHITECH-EQ,7982,EQ
NSE,GRSE,GRSE-EQ,5475,EQ
NSE,GRPLTD,GRPLTD-EQ,6543,EQ
NSE,GROWWSLVR,GROWWSLVR-EQ,756827,EQ
NSE,GROWWSC250,GROWWSC250-EQ,759522,EQ
NSE,GROWWRLTY,GROWWRLTY-EQ,759428,EQ
NSE,GROWWRAIL,GROWWRAIL-EQ,29527,EQ
NSE,GROWWPSUBK,GROWWPSUBK-EQ,761514,EQ
NSE,GROWWPSE,GROWWPSE-EQ,760976,EQ
NSE,GROWWPOWER,GROWWPOWER-EQ,758165,EQ
NSE,GROWWNXT50,GROWWNXT50-EQ,759458,EQ
NSE,GROWWNIFTY,GROWWNIFTY-EQ,758697,EQ
NSE,GROWWNET,GROWWNET-EQ,757814,EQ
NSE,GROWWN200,GROWWN200-EQ,29872,EQ
NSE,GROWWMOM50,GROWWMOM50-EQ,756086,EQ
NSE,GROWWMETAL,GROWWMETAL-EQ,760438,EQ
NSE,GROWWMC150,GROWWMC150-EQ,759719,EQ
NSE,GROWWLOVOL,GROWWLOVOL-EQ,758300,EQ
NSE,GROWWLIQID,GROWWLIQID-EQ,25447,EQ
NSE,GROWWHOSPI,GROWWHOSPI-EQ,760874,EQ
NSE,GROWWGOLD,GROWWGOLD-EQ,25872,EQ
NSE,GROWWEV,GROWWEV-EQ,24798,EQ
NSE,GROWWDEFNC,GROWWDEFNC-EQ,25758,EQ
NSE,GROWWCHEM,GROWWCHEM-EQ,760673,EQ
NSE,GROWWCAPM,GROWWCAPM-EQ,760051,EQ
NSE,GROWW,GROWW-EQ,759806,EQ
NSE,GROBTEA,GROBTEA-EQ,17770,EQ
NSE,GRMOVER,GRMOVER-EQ,10871,EQ
NSE,GRINFRA,GRINFRA-EQ,5054,EQ
NSE,GRINDWELL,GRINDWELL-EQ,13560,EQ
NSE,GRETEX,GRETEX-ST,18742,ST
NSE,GREENPOWER,GREENPOWER-EQ,20110,EQ
NSE,GREENPLY,GREENPLY-EQ,3987,EQ
NSE,GREENPANEL,GREENPANEL-EQ,13810,EQ
NSE,GREENLEAF,GREENLEAF-SM,759424,SM
NSE,GREENLAM,GREENLAM-EQ,6848,EQ
NSE,GREENCHEF,GREENCHEF-SM,17092,SM
NSE,GREAVESCOT,GREAVESCOT-EQ,1235,EQ
NSE,GRCL,GRCL-ST,14055,ST
NSE,GRAVITA,GRAVITA-EQ,20534,EQ
NSE,GRAVISSHO,GRAVISSHO-EQ,762700,EQ
NSE,GRAUWEIL,GRAUWEIL-EQ,5200,EQ
NSE,GRASIM,GRASIM-EQ,1232,EQ
NSE,GRAPHITE,GRAPHITE-EQ,592,EQ
NSE,GRAPHISAD,GRAPHISAD-SM,20454,SM
NSE,GRANULES,GRANULES-EQ,11872,EQ
NSE,GRANDOAK,GRANDOAK-EQ,762695,EQ
NSE,GRADIENTE,GRADIENTE-EQ,763299,EQ
NSE,GPTINFRA,GPTINFRA-EQ,17685,EQ
NSE,GPTHEALTH,GPTHEALTH-EQ,22846,EQ
NSE,GPPL,GPPL-EQ,19731,EQ
NSE,GPIL,GPIL-EQ,13409,EQ
NSE,GPECO,GPECO-ST,24113,ST
NSE,GOYALSALT,GOYALSALT-SM,19356,SM
NSE,GOYALALUM,GOYALALUM-EQ,11787,EQ
NSE,GOPAL,GOPAL-EQ,23066,EQ
NSE,GOODYEAR,GOODYEAR-EQ,1205,EQ
NSE,GOODLUCK,GOODLUCK-EQ,6125,EQ
NSE,GOLDTECH,GOLDTECH-EQ,9874,EQ
NSE,GOLDSTAR,GOLDSTAR-SM,1,SM
NSE,GOLDKART,GOLDKART-SM,13616,SM
NSE,GOLDIETF,GOLDIETF-EQ,19679,EQ
NSE,GOLDIAM,GOLDIAM-EQ,11971,EQ
NSE,GOLDETF,GOLDETF-EQ,14286,EQ
NSE,GOLDENTOBC,GOLDENTOBC-BZ,11619,BZ
NSE,GOLDCASE,GOLDCASE-EQ,22901,EQ
NSE,GOLDBND,GOLDBND-EQ,760325,EQ
NSE,GOLDBETA,GOLDBETA-EQ,14535,EQ
NSE,GOLDBEES,GOLDBEES-EQ,14428,EQ
NSE,GOLDADD,GOLDADD-EQ,15356,EQ
NSE,GOLD360,GOLD360-EQ,30105,EQ
NSE,GOLD1,GOLD1-EQ,14858,EQ
NSE,GOKULAGRO,GOKULAGRO-EQ,14480,EQ
NSE,GOKUL,GOKUL-EQ,16705,EQ
NSE,GOKEX,GOKEX-EQ,11778,EQ
NSE,GODREJPROP,GODREJPROP-EQ,17875,EQ
NSE,GODREJIND,GODREJIND-EQ,10925,EQ
NSE,GODREJCP,GODREJCP-EQ,10099,EQ
NSE,GODREJAGRO,GODREJAGRO-EQ,144,EQ
NSE,GODIGIT,GODIGIT-EQ,23799,EQ
NSE,GODFRYPHLP,GODFRYPHLP-EQ,1181,EQ
NSE,GODAVARIB,GODAVARIB-EQ,25941,EQ
NSE,GOCOLORS,GOCOLORS-EQ,6964,EQ
NSE,GOCLCORP,GOCLCORP-EQ,3963,EQ
NSE,GOACARBON,GOACARBON-EQ,14687,EQ
NSE,GNRL,GNRL-EQ,762690,EQ
NSE,GNFC,GNFC-EQ,1174,EQ
NSE,GNA,GNA-EQ,18571,EQ
NSE,GMRP&UI,GMRP&UI-EQ,8529,EQ
NSE,GMRAIRPORT,GMRAIRPORT-EQ,13528,EQ
NSE,GMMPFAUDLR,GMMPFAUDLR-EQ,1570,EQ
NSE,GML,GML-SM,759089,SM
NSE,GMDCLTD,GMDCLTD-EQ,5204,EQ
NSE,GMBREW,GMBREW-EQ,1168,EQ
NSE,GLOTTIS,GLOTTIS-BE,760118,BE
NSE,GLOSTERLTD,GLOSTERLTD-EQ,23590,EQ
NSE,GLOBUSSPR,GLOBUSSPR-EQ,17424,EQ
NSE,GLOBECIVIL,GLOBECIVIL-BE,758573,BE
NSE,GLOBE,GLOBE-EQ,393,EQ
NSE,GLOBALVECT,GLOBALVECT-EQ,13735,EQ
NSE,GLOBALPET,GLOBALPET-ST,17170,ST
NSE,GLOBALE,GLOBALE-BE,24934,BE
NSE,GLOBAL,GLOBAL-EQ,1415,EQ
NSE,GLFL,GLFL-BE,8412,BE
NSE,GLENMARK,GLENMARK-EQ,7406,EQ
NSE,GLAXO,GLAXO-EQ,1153,EQ
NSE,GLAND,GLAND-EQ,1186,EQ
NSE,GKWLIMITED,GKWLIMITED-EQ,17357,EQ
NSE,GKSL,GKSL-EQ,761197,EQ
NSE,GKENERGY,GKENERGY-EQ,759048,EQ
NSE,GJL,GJL-ST,760971,ST
NSE,GIRIRAJ,GIRIRAJ-SM,2365,SM
NSE,GIPCL,GIPCL-EQ,1145,EQ
NSE,GINNIFILA,GINNIFILA-EQ,1142,EQ
NSE,GILT5YBEES,GILT5YBEES-EQ,3172,EQ
NSE,GILT5BETA,GILT5BETA-EQ,22521,EQ
NSE,GILT10BETA,GILT10BETA-EQ,22524,EQ
NSE,GILLETTE,GILLETTE-EQ,1576,EQ
NSE,GILLANDERS,GILLANDERS-EQ,17839,EQ
NSE,GICRE,GICRE-EQ,277,EQ
NSE,GICL,GICL-EQ,761025,EQ
NSE,GICHSGFIN,GICHSGFIN-EQ,1139,EQ
NSE,GHCLTEXTIL,GHCLTEXTIL-EQ,16696,EQ
NSE,GHCL,GHCL-EQ,1127,EQ
NSE,GGBL,GGBL-SM,24439,SM
NSE,GFLLIMITED,GFLLIMITED-EQ,1289,EQ
NSE,GFL27,GFL27-N1,23151,N1
NSE,GFL26,GFL26-N0,25624,N0
NSE,GESHIP,GESHIP-EQ,13776,EQ
NSE,GEOJITFSL,GEOJITFSL-EQ,11896,EQ
NSE,GENXAI,GENXAI-ST,750088,ST
NSE,GENUSPOWER,GENUSPOWER-EQ,11905,EQ
NSE,GENUSPAPER,GENUSPAPER-EQ,6600,EQ
NSE,GENESYS,GENESYS-EQ,10905,EQ
NSE,GENCON,GENCON-EQ,2188,EQ
NSE,GEMAROMA,GEMAROMA-EQ,759461,EQ
NSE,GEEKAYWIRE,GEEKAYWIRE-EQ,17922,EQ
NSE,GEECEE,GEECEE-EQ,13658,EQ
NSE,GCSL,GCSL-EQ,758986,EQ
NSE,GCHOTELS,GCHOTELS-SM,30286,SM
NSE,GAYAPROJ,GAYAPROJ-BE,25027,BE
NSE,GAYAHWS,GAYAHWS-EQ,3693,EQ
NSE,GAUDIUMIVF,GAUDIUMIVF-BE,760179,BE
NSE,GATEWAY,GATEWAY-EQ,8510,EQ
NSE,GATECHDVR,GATECHDVR-EQ,17,EQ
NSE,GATECH,GATECH-EQ,17888,EQ
NSE,GARUDA,GARUDA-EQ,25800,EQ
NSE,GARFIBRES,GARFIBRES-EQ,1100,EQ
NSE,GANGESSECU,GANGESSECU-EQ,21399,EQ
NSE,GANGAFORGE,GANGAFORGE-EQ,4957,EQ
NSE,GANGABATH,GANGABATH-SM,757525,SM
NSE,GANESHIN,GANESHIN-ST,27351,ST
NSE,GANESHHOU,GANESHHOU-EQ,14339,EQ
NSE,GANESHCP,GANESHCP-EQ,759012,EQ
NSE,GANESHBE,GANESHBE-EQ,5614,EQ
NSE,GANECOS,GANECOS-EQ,6944,EQ
NSE,GANDHITUBE,GANDHITUBE-EQ,14116,EQ
NSE,GANDHAR,GANDHAR-EQ,20303,EQ
NSE,GALLANTT,GALLANTT-EQ,13337,EQ
NSE,GALAXYSURF,GALAXYSURF-EQ,1315,EQ
NSE,GALAPREC,GALAPREC-EQ,25134,EQ
NSE,GAJANAND,GAJANAND-SM,25244,SM
NSE,GAIL,GAIL-EQ,4717,EQ
NSE,GAEL,GAEL-EQ,8828,EQ
NSE,GABRIEL,GABRIEL-EQ,1085,EQ
NSE,G1NSETEST,G1NSETEST-EQ,12842,EQ
NSE,FWSTC,FWSTC-SM,760331,SM
NSE,FUSION,FUSION-EQ,11932,EQ
NSE,FSL,FSL-EQ,14304,EQ
NSE,FRONTSP,FRONTSP-EQ,762685,EQ
NSE,FROG,FROG-ST,11504,ST
NSE,FRESHARA,FRESHARA-SM,25868,SM
NSE,FRACTAL,FRACTAL-EQ,760961,EQ
NSE,FOSECOIND,FOSECOIND-EQ,1073,EQ
NSE,FORTIS,FORTIS-EQ,14592,EQ
NSE,FORGEAUTO,FORGEAUTO-SM,25664,SM
NSE,FORCEMOT,FORCEMOT-EQ,11573,EQ
NSE,FORCAS,FORCAS-SM,24914,SM
NSE,FOODSIN,FOODSIN-EQ,6673,EQ
NSE,FONEBOX,FONEBOX-SM,22517,SM
NSE,FOCUS,FOCUS-EQ,6836,EQ
NSE,FOCE,FOCE-SM,7385,SM
NSE,FMNL,FMNL-BE,21021,BE
NSE,FMGOETZE,FMGOETZE-EQ,1190,EQ
NSE,FMCGIETF,FMCGIETF-EQ,5306,EQ
NSE,FMCGADD,FMCGADD-EQ,763530,EQ
NSE,FLYSBS,FLYSBS-SM,758208,SM
NSE,FLUOROCHEM,FLUOROCHEM-EQ,13750,EQ
NSE,FLFL,FLFL-BZ,14868,BZ
NSE,FLEXITUFF,FLEXITUFF-BE,25516,BE
NSE,FLEXIADD,FLEXIADD-EQ,759368,EQ
NSE,FLAIR,FLAIR-EQ,20372,EQ
NSE,FIVESTAR,FIVESTAR-EQ,12032,EQ
NSE,FISTIPIP3G,FISTIPIP3G-MF,18388,MF
NSE,FISTIPD3WD,FISTIPD3WD-MF,18201,MF
NSE,FISTIPD3QD,FISTIPD3QD-MF,18200,MF
NSE,FISTIPD3MD,FISTIPD3MD-MF,18199,MF
NSE,FISTIPD3GP,FISTIPD3GP-MF,18198,MF
NSE,FISTIP3WDP,FISTIP3WDP-MF,18197,MF
NSE,FISTIP3QDP,FISTIP3QDP-MF,18196,MF
NSE,FISTIP3MDP,FISTIP3MDP-MF,18183,MF
NSE,FISTIP3GP,FISTIP3GP-MF,18182,MF
NSE,FISCHER,FISCHER-EQ,757658,EQ
NSE,FIRSTCRY,FIRSTCRY-EQ,24814,EQ
NSE,FINPIPE,FINPIPE-EQ,1041,EQ
NSE,FINOPB,FINOPB-EQ,6579,EQ
NSE,FINKURVE,FINKURVE-EQ,759239,EQ
NSE,FINIETF,FINIETF-EQ,12578,EQ
NSE,FINEORG,FINEORG-EQ,3744,EQ
NSE,FINCABLES,FINCABLES-EQ,1038,EQ
NSE,FINBUD,FINBUD-SM,759776,SM
NSE,FILATFASH,FILATFASH-BE,23651,BE
NSE,FILATEX,FILATEX-EQ,24532,EQ
NSE,FIEMIND,FIEMIND-EQ,13710,EQ
NSE,FIDEL,FIDEL-SM,9858,SM
NSE,FICRFD3GPD,FICRFD3GPD-MF,18181,MF
NSE,FICRFD3DPD,FICRFD3DPD-MF,18180,MF
NSE,FICRF3GP,FICRF3GP-MF,18179,MF
NSE,FICRF3DP,FICRF3DP-MF,18178,MF
NSE,FIBERWEB,FIBERWEB-EQ,8159,EQ
NSE,FERMENTA,FERMENTA-EQ,762680,EQ
NSE,FELIX,FELIX-SM,573,SM
NSE,FELDVR,FELDVR-BZ,30491,BZ
NSE,FEL,FEL-BZ,13812,BZ
NSE,FEDFINA,FEDFINA-EQ,20322,EQ
NSE,FEDERALBNK,FEDERALBNK-EQ,1023,EQ
NSE,FEDDERSHOL,FEDDERSHOL-EQ,762675,EQ
NSE,FDC,FDC-EQ,4898,EQ
NSE,FCSSOFT,FCSSOFT-BE,12002,BE
NSE,FCL,FCL-EQ,6198,EQ
NSE,FAZE3Q,FAZE3Q-EQ,12000,EQ
NSE,FALCONTECH,FALCONTECH-SM,24150,SM
NSE,FAIRCHEMOR,FAIRCHEMOR-EQ,1614,EQ
NSE,FACT,FACT-EQ,1008,EQ
NSE,FABTECH,FABTECH-EQ,760125,EQ
NSE,EXXARO,EXXARO-EQ,5352,EQ
NSE,EXPLEOSOL,EXPLEOSOL-EQ,17486,EQ
NSE,EXIMROUTES,EXIMROUTES-SM,760422,SM
NSE,EXIDEIND,EXIDEIND-EQ,676,EQ
NSE,EXICOM,EXICOM-EQ,22947,EQ
NSE,EXCELSOFT,EXCELSOFT-EQ,760007,EQ
NSE,EXCELLENT,EXCELLENT-ST,25327,ST
NSE,EXCELINDUS,EXCELINDUS-EQ,11471,EQ
NSE,EVINDIA,EVINDIA-EQ,24461,EQ
NSE,EVIETF,EVIETF-EQ,755881,EQ
NSE,EVERESTIND,EVERESTIND-EQ,993,EQ
NSE,EVEREADY,EVEREADY-EQ,11782,EQ
NSE,EUROTEXIND,EUROTEXIND-BE,8886,BE
NSE,EUROPRATIK,EUROPRATIK-EQ,759797,EQ
NSE,EUROBOND,EUROBOND-EQ,757953,EQ
NSE,EUREKAFORB,EUREKAFORB-EQ,25162,EQ
NSE,ETML,ETML-SM,27629,SM
NSE,ETL,ETL-SM,758591,SM
NSE,ETHOSLTD,ETHOSLTD-EQ,9750,EQ
NSE,ETERNAL,ETERNAL-EQ,5097,EQ
NSE,ESTER,ESTER-EQ,24265,EQ
NSE,ESSENTIA,ESSENTIA-BE,30327,BE
NSE,ESSARSHPNG,ESSARSHPNG-EQ,25634,EQ
NSE,ESPRIT,ESPRIT-SM,24678,SM
NSE,ESILVER,ESILVER-EQ,20257,EQ
NSE,ESG,ESG-EQ,1200,EQ
NSE,ESFL,ESFL-ST,17087,ST
NSE,ESENSEX,ESENSEX-EQ,759995,EQ
NSE,ESCORTS,ESCORTS-EQ,958,EQ
NSE,ESCONET,ESCONET-ST,22767,ST
NSE,ESAFSFB,ESAFSFB-EQ,19878,EQ
NSE,ESABINDIA,ESABINDIA-EQ,955,EQ
NSE,ERIS,ERIS-EQ,21154,EQ
NSE,EQUITASBNK,EQUITASBNK-EQ,913,EQ
NSE,EQUIPPP,EQUIPPP-BE,3553,BE
NSE,EQUAL50ADD,EQUAL50ADD-EQ,6606,EQ
NSE,EQUAL50,EQUAL50-EQ,757142,EQ
NSE,EQUAL200,EQUAL200-EQ,30121,EQ
NSE,EPWINDIA,EPWINDIA-ST,761217,ST
NSE,EPL,EPL-EQ,981,EQ
NSE,EPIGRAL,EPIGRAL-EQ,5382,EQ
NSE,EPACKPEB,EPACKPEB-EQ,759251,EQ
NSE,EPACK,EPACK-EQ,22463,EQ
NSE,ENVIRO,ENVIRO-SM,25412,SM
NSE,ENTERO,ENTERO-EQ,22717,EQ
NSE,ENSER,ENSER-ST,23233,ST
NSE,ENRIN,ENRIN-EQ,756871,EQ
NSE,ENIL,ENIL-EQ,13192,EQ
NSE,ENIFTY,ENIFTY-EQ,759998,EQ
NSE,ENGINERSIN,ENGINERSIN-EQ,4907,EQ
NSE,ENFUSE,ENFUSE-SM,23224,SM
NSE,ENEXT50,ENEXT50-EQ,763540,EQ
NSE,ENERGYDEV,ENERGYDEV-EQ,15049,EQ
NSE,ENERGY,ENERGY-EQ,759780,EQ
NSE,ENDURANCE,ENDURANCE-EQ,18822,EQ
NSE,ENCOMPAS,ENCOMPAS-SM,760321,SM
NSE,EMULTIMQ,EMULTIMQ-EQ,25996,EQ
NSE,EMUDHRA,EMUDHRA-EQ,9756,EQ
NSE,EMSLIMITED,EMSLIMITED-EQ,18593,EQ
NSE,EMPOWER,EMPOWER-BE,762673,BE
NSE,EMMVEE,EMMVEE-EQ,759728,EQ
NSE,EMMIL,EMMIL-SM,23745,SM
NSE,EMMBI,EMMBI-EQ,18142,EQ
NSE,EMKAYTOOLS,EMKAYTOOLS-SM,10253,SM
NSE,EMKAY,EMKAY-EQ,13421,EQ
NSE,EMIL,EMIL-EQ,11530,EQ
NSE,EMCURE,EMCURE-EQ,24398,EQ
NSE,EMBDL,EMBDL-EQ,14450,EQ
NSE,EMBASSY,EMBASSY-RR,9383,RR
NSE,EMAPARTNER,EMAPARTNER-SM,29229,SM
NSE,EMAMIREAL,EMAMIREAL-BE,19281,BE
NSE,EMAMIPAP,EMAMIPAP-EQ,10074,EQ
NSE,EMAMILTD,EMAMILTD-EQ,13517,EQ
NSE,ELPROINTL,ELPROINTL-EQ,4471,EQ
NSE,ELM250,ELM250-EQ,758952,EQ
NSE,ELLEN,ELLEN-EQ,758563,EQ
NSE,ELITECON,ELITECON-EQ,762663,EQ
NSE,ELIQUID,ELIQUID-EQ,759466,EQ
NSE,ELIN,ELIN-EQ,13423,EQ
NSE,ELGNZ,ELGNZ-SM,29595,SM
NSE,ELGIRUBCO,ELGIRUBCO-EQ,24924,EQ
NSE,ELGIEQUIP,ELGIEQUIP-EQ,937,EQ
NSE,ELECTHERM,ELECTHERM-EQ,4469,EQ
NSE,ELECTCAST,ELECTCAST-W1,18116,W1
NSE,ELECTCAST,ELECTCAST-EQ,928,EQ
NSE,ELECON,ELECON-EQ,13643,EQ
NSE,ELDEHSG,ELDEHSG-EQ,8953,EQ
NSE,ELCIDIN,ELCIDIN-EQ,762658,EQ
NSE,ELANTAS,ELANTAS-EQ,762653,EQ
NSE,EKC,EKC-EQ,13091,EQ
NSE,EIMCOELECO,EIMCOELECO-EQ,4040,EQ
NSE,EIHOTEL,EIHOTEL-EQ,919,EQ
NSE,EIHAHOTELS,EIHAHOTELS-EQ,15399,EQ
NSE,EIFFL,EIFFL-EQ,6040,EQ
NSE,EIEL,EIEL-EQ,27213,EQ
NSE,EIDPARRY,EIDPARRY-EQ,916,EQ
NSE,EICHERMOT,EICHERMOT-EQ,910,EQ
NSE,EGOLD,EGOLD-EQ,19933,EQ
NSE,EFORCE,EFORCE-SM,20899,SM
NSE,EFFWA,EFFWA-ST,24438,ST
NSE,EFCIL,EFCIL-EQ,758675,EQ
NSE,EFACTOR,EFACTOR-SM,19267,SM
NSE,EEPL,EEPL-SM,758346,SM
NSE,EDELWEISS,EDELWEISS-EQ,15119,EQ
NSE,ECOSMOBLTY,ECOSMOBLTY-BE,25062,BE
NSE,ECOLINE,ECOLINE-SM,759961,SM
NSE,ECLERX,ECLERX-EQ,15179,EQ
NSE,ECAPINSURE,ECAPINSURE-EQ,29019,EQ
NSE,EBGNG,EBGNG-EQ,757862,EQ
NSE,EBBETF0433,EBBETF0433-EQ,13139,EQ
NSE,EBBETF0431,EBBETF0431-EQ,22239,EQ
NSE,EBBETF0430,EBBETF0430-EQ,16253,EQ
NSE,EBANKNIFTY,EBANKNIFTY-EQ,25258,EQ
NSE,EASTSILK,EASTSILK-BE,9769,BE
NSE,EASEMYTRIP,EASEMYTRIP-EQ,2792,EQ
NSE,E2ERAIL,E2ERAIL-ST,760534,ST
NSE,E2E,E2E-EQ,8937,EQ
NSE,DYNPRO,DYNPRO-EQ,21314,EQ
NSE,DYNAMIC,DYNAMIC-SM,6079,SM
NSE,DYNAMATECH,DYNAMATECH-EQ,4525,EQ
NSE,DYCL,DYCL-EQ,10417,EQ
NSE,DWARKESH,DWARKESH-EQ,11667,EQ
NSE,DVL,DVL-EQ,15214,EQ
NSE,DURLAX,DURLAX-ST,24167,ST
NSE,DUGLOBAL,DUGLOBAL-ST,5466,ST
NSE,DUCON,DUCON-BE,28956,BE
NSE,DUCOL,DUCOL-SM,13766,SM
NSE,DTL,DTL-SM,24313,SM
NSE,DTIL,DTIL-EQ,6227,EQ
NSE,DSSL,DSSL-EQ,25690,EQ
NSE,DSFCL,DSFCL-EQ,760891,EQ
NSE,DRSDILIP,DRSDILIP-SM,6686,SM
NSE,DRSCARGO,DRSCARGO-SM,23485,SM
NSE,DRREDDY,DRREDDY-EQ,881,EQ
NSE,DRONE,DRONE-ST,17383,ST
NSE,DREDGECORP,DREDGECORP-EQ,11271,EQ
NSE,DREAMFOLKS,DREAMFOLKS-EQ,10859,EQ
NSE,DRCSYSTEMS,DRCSYSTEMS-EQ,2645,EQ
NSE,DRAGARWQ,DRAGARWQ-EQ,762648,EQ
NSE,DPWIRES,DPWIRES-EQ,16900,EQ
NSE,DPSCLTD,DPSCLTD-BE,15423,BE
NSE,DPEL,DPEL-SM,24286,SM
NSE,DPABHUSHAN,DPABHUSHAN-EQ,936,EQ
NSE,DONEAR,DONEAR-EQ,13839,EQ
NSE,DOMS,DOMS-EQ,20551,EQ
NSE,DOLPHIN,DOLPHIN-EQ,18139,EQ
NSE,DOLLEX,DOLLEX-SM,13323,SM
NSE,DOLLAR,DOLLAR-EQ,20560,EQ
NSE,DOLATALGO,DOLATALGO-EQ,12124,EQ
NSE,DODLA,DODLA-EQ,4822,EQ
NSE,DNAMEDIA,DNAMEDIA-EQ,641,EQ
NSE,DMCC,DMCC-EQ,6973,EQ
NSE,DMART,DMART-EQ,19913,EQ
NSE,DLINKINDIA,DLINKINDIA-EQ,17851,EQ
NSE,DLF,DLF-EQ,14732,EQ
NSE,DKEGL,DKEGL-SM,6249,SM
NSE,DJML,DJML-EQ,12749,EQ
NSE,DIXON,DIXON-EQ,21690,EQ
NSE,DIVYADHAN,DIVYADHAN-ST,25680,ST
NSE,DIVOPPBEES,DIVOPPBEES-EQ,2636,EQ
NSE,DIVISLAB,DIVISLAB-EQ,10940,EQ
NSE,DIVINEHIRA,DIVINEHIRA-ST,30262,ST
NSE,DIVIDEND,DIVIDEND-EQ,760412,EQ
NSE,DIVGIITTS,DIVGIITTS-EQ,14479,EQ
NSE,DISHTV,DISHTV-BE,14540,BE
NSE,DISAQ,DISAQ-EQ,762643,EQ
NSE,DIRL,DIRL-SM,18769,SM
NSE,DIGJAMLMTD,DIGJAMLMTD-EQ,6127,EQ
NSE,DIGITIDE,DIGITIDE-EQ,757515,EQ
NSE,DIGISPICE,DIGISPICE-BE,16687,BE
NSE,DIGIKORE,DIGIKORE-SM,19138,SM
NSE,DIGIDRIVE,DIGIDRIVE-EQ,21247,EQ
NSE,DIFFNKG,DIFFNKG-EQ,25672,EQ
NSE,DICIND,DICIND-EQ,703,EQ
NSE,DIAMONDYD,DIAMONDYD-EQ,21840,EQ
NSE,DIAMINESQ,DIAMINESQ-EQ,18644,EQ
NSE,DIACABS,DIACABS-EQ,18543,EQ
NSE,DHUNINV,DHUNINV-EQ,22233,EQ
NSE,DHTL,DHTL-SM,22533,SM
NSE,DHRUV,DHRUV-BE,6860,BE
NSE,DHARMAJ,DHARMAJ-EQ,13001,EQ
NSE,DHARIWAL,DHARIWAL-SM,24747,SM
NSE,DHARARAIL,DHARARAIL-SM,760489,SM
NSE,DHARAN,DHARAN-BZ,759203,BZ
NSE,DHANUKA,DHANUKA-EQ,24409,EQ
NSE,DHANSA,DHANSA-ST,24418,ST
NSE,DHANLAXMI,DHANLAXMI-SM,27723,SM
NSE,DHANBANK,DHANBANK-EQ,11359,EQ
NSE,DHAMPURSUG,DHAMPURSUG-EQ,857,EQ
NSE,DGCONTENT,DGCONTENT-EQ,10346,EQ
NSE,DEVYANI,DEVYANI-EQ,5373,EQ
NSE,DEVX,DEVX-EQ,759079,EQ
NSE,DEVIT,DEVIT-EQ,8146,EQ
NSE,DESTINY,DESTINY-SM,6087,SM
NSE,DENTALKART,DENTALKART-SM,16454,SM
NSE,DENTA,DENTA-EQ,29256,EQ
NSE,DENORA,DENORA-EQ,4279,EQ
NSE,DENEERS,DENEERS-SM,15449,SM
NSE,DEN,DEN-EQ,17722,EQ
NSE,DELTIC,DELTIC-ST,29095,ST
NSE,DELTAMAGNT,DELTAMAGNT-EQ,1214,EQ
NSE,DELTACORP,DELTACORP-EQ,15044,EQ
NSE,DELPHIFX,DELPHIFX-EQ,24391,EQ
NSE,DELHIVERY,DELHIVERY-EQ,9599,EQ
NSE,DELAPLEX,DELAPLEX-SM,22527,SM
NSE,DEFENCE,DEFENCE-EQ,761046,EQ
NSE,DEEPINDS,DEEPINDS-EQ,3292,EQ
NSE,DEEPAKNTR,DEEPAKNTR-EQ,19943,EQ
NSE,DEEPAKFERT,DEEPAKFERT-EQ,827,EQ
NSE,DEEM,DEEM-SM,22799,SM
NSE,DEEDEV,DEEDEV-BE,24156,BE
NSE,DECNGOLD,DECNGOLD-EQ,762638,EQ
NSE,DECCANTRAN,DECCANTRAN-SM,25421,SM
NSE,DECCANCE,DECCANCE-EQ,14838,EQ
NSE,DDEVPLSTIK,DDEVPLSTIK-EQ,29098,EQ
NSE,DCXINDIA,DCXINDIA-EQ,11895,EQ
NSE,DCW,DCW-EQ,817,EQ
NSE,DCMSRIND,DCMSRIND-EQ,7325,EQ
NSE,DCMSIL,DCMSIL-BE,760898,BE
NSE,DCMSHRIRAM,DCMSHRIRAM-EQ,811,EQ
NSE,DCMNVL,DCMNVL-BE,11041,BE
NSE,DCMFINSERV,DCMFINSERV-BE,8704,BE
NSE,DCM,DCM-BE,7323,BE
NSE,DCI,DCI-BE,11568,BE
NSE,DCG,DCG-SM,23520,SM
NSE,DCCL,DCCL-SM,757107,SM
NSE,DCBBANK,DCBBANK-EQ,13725,EQ
NSE,DCAL,DCAL-EQ,21704,EQ
NSE,DBSTOCKBRO,DBSTOCKBRO-EQ,31107,EQ
NSE,DBREALTY,DBREALTY-BE,18128,BE
NSE,DBOL,DBOL-BE,10895,BE
NSE,DBL,DBL-EQ,18086,EQ
NSE,DBEIL,DBEIL-BE,25894,BE
NSE,DBCORP,DBCORP-EQ,17881,EQ
NSE,DAVANGERE,DAVANGERE-EQ,21794,EQ
NSE,DATAPATTNS,DATAPATTNS-EQ,7358,EQ
NSE,DATAMATICS,DATAMATICS-EQ,11423,EQ
NSE,DANISH,DANISH-SM,25927,SM
NSE,DANGEE,DANGEE-EQ,1110,EQ
NSE,DAMODARIND,DAMODARIND-EQ,17541,EQ
NSE,DAMCAPITAL,DAMCAPITAL-EQ,28662,EQ
NSE,DALMIASUG,DALMIASUG-EQ,781,EQ
NSE,DALBHARAT,DALBHARAT-EQ,8075,EQ
NSE,DAICHI,DAICHI-EQ,762633,EQ
NSE,DABUR,DABUR-EQ,772,EQ
NSE,CYIENTDLM,CYIENTDLM-EQ,17187,EQ
NSE,CYIENT,CYIENT-EQ,5748,EQ
NSE,CYBERTECH,CYBERTECH-EQ,6051,EQ
NSE,CYBERMEDIA,CYBERMEDIA-BE,11845,BE
NSE,CURRENT,CURRENT-SM,758964,SM
NSE,CURIS,CURIS-SM,759825,SM
NSE,CURAA,CURAA-EQ,30189,EQ
NSE,CUPID,CUPID-EQ,18520,EQ
NSE,CUMMINSIND,CUMMINSIND-EQ,1901,EQ
NSE,CUDML,CUDML-ST,758156,ST
NSE,CUBEXTUB,CUBEXTUB-EQ,4064,EQ
NSE,CUBEINVIT,CUBEINVIT-IV,15078,IV
NSE,CUBEINVIT,CUBEINVIT-BL,15081,BL
NSE,CUB,CUB-EQ,5701,EQ
NSE,CTE,CTE-EQ,14218,EQ
NSE,CSSL,CSSL-SM,760143,SM
NSE,CSLFINANCE,CSLFINANCE-EQ,10350,EQ
NSE,CSBBANK,CSBBANK-EQ,14966,EQ
NSE,CROWN,CROWN-EQ,8083,EQ
NSE,CROMPTON,CROMPTON-EQ,17094,EQ
NSE,CRIZAC,CRIZAC-EQ,757850,EQ
NSE,CRISIL,CRISIL-EQ,757,EQ
NSE,CREST,CREST-EQ,13900,EQ
NSE,CREDITACC,CREDITACC-EQ,4421,EQ
NSE,CREATIVEYE,CREATIVEYE-EQ,9384,EQ
NSE,CRAYONS,CRAYONS-SM,16419,SM
NSE,CRAMC,CRAMC-EQ,759311,EQ
NSE,CRAFTSMAN,CRAFTSMAN-EQ,2854,EQ
NSE,CPSEETF,CPSEETF-EQ,2328,EQ
NSE,CPS,CPS-SM,18372,SM
NSE,CPPLUS,CPPLUS-EQ,758858,EQ
NSE,CPEDU,CPEDU-EQ,758941,EQ
NSE,CPCAP,CPCAP-BE,20090,BE
NSE,COUNCODOS,COUNCODOS-EQ,16986,EQ
NSE,COSMOFIRST,COSMOFIRST-EQ,742,EQ
NSE,CORONA,CORONA-EQ,760254,EQ
NSE,COROMANDEL,COROMANDEL-EQ,739,EQ
NSE,CORDSCABLE,CORDSCABLE-BE,15275,BE
NSE,CORALFINAC,CORALFINAC-EQ,4007,EQ
NSE,COOLCAPS,COOLCAPS-ST,8567,ST
NSE,CONTROLPR,CONTROLPR-EQ,17477,EQ
NSE,CONTI,CONTI-SM,2531,SM
NSE,CONSUMIETF,CONSUMIETF-EQ,6446,EQ
NSE,CONSUMER,CONSUMER-EQ,28969,EQ
NSE,CONSUMBEES,CONSUMBEES-EQ,2435,EQ
NSE,CONSOFINVT,CONSOFINVT-EQ,11731,EQ
NSE,CONS,CONS-EQ,10512,EQ
NSE,CONNPLEX,CONNPLEX-SM,758453,SM
NSE,CONFIPET,CONFIPET-EQ,10238,EQ
NSE,CONCORDBIO,CONCORDBIO-EQ,18060,EQ
NSE,CONCOR,CONCOR-EQ,4749,EQ
NSE,COMSYN,COMSYN-EQ,21578,EQ
NSE,COMPUSOFT,COMPUSOFT-EQ,31138,EQ
NSE,COMPINFO,COMPINFO-BZ,19670,BZ
NSE,COMMOIETF,COMMOIETF-EQ,13198,EQ
NSE,COMMITTED,COMMITTED-ST,19516,ST
NSE,COMFINTE,COMFINTE-EQ,762628,EQ
NSE,COLPAL,COLPAL-EQ,15141,EQ
NSE,COHANCE,COHANCE-EQ,17945,EQ
NSE,COFORGE,COFORGE-EQ,11543,EQ
NSE,COFFEEDAY,COFFEEDAY-BE,11169,BE
NSE,COCKERILL,COCKERILL-EQ,762623,EQ
NSE,COCHINSHIP,COCHINSHIP-EQ,21508,EQ
NSE,COASTCORP,COASTCORP-EQ,6006,EQ
NSE,COALINDIA,COALINDIA-EQ,20374,EQ
NSE,CNL,CNL-EQ,11155,EQ
NSE,CMSINFO,CMSINFO-EQ,7603,EQ
NSE,CMRSL,CMRSL-SM,11447,SM
NSE,CMRGREEN,CMRGREEN-EQ,30893,EQ
NSE,CMPDI,CMPDI-EQ,761581,EQ
NSE,CMNL,CMNL-SM,13731,SM
NSE,CLSL,CLSL-SM,18260,SM
NSE,CLSEL,CLSEL-EQ,3482,EQ
NSE,CLEDUCATE,CLEDUCATE-BE,20233,BE
NSE,CLEANMAX,CLEANMAX-EQ,760183,EQ
NSE,CLEAN,CLEAN-EQ,5049,EQ
NSE,CLASSICEIL,CLASSICEIL-ST,758739,ST
NSE,CKKRETAIL,CKKRETAIL-SM,760854,SM
NSE,CITIUSINVT,CITIUSINVT-IV,763149,IV
NSE,CITI28,CITI28-N0,761303,N0
NSE,CIPLA,CIPLA-EQ,694,EQ
NSE,CINEVISTA,CINEVISTA-EQ,8024,EQ
NSE,CINELINE,CINELINE-EQ,27161,EQ
NSE,CIFL,CIFL-EQ,756015,EQ
NSE,CIFCZC28A,CIFCZC28A-N5,15376,N5
NSE,CIFCZC28,CIFCZC28-NH,20445,NH
NSE,CIFCZC26,CIFCZC26-NF,20437,NF
NSE,CIFCL29,CIFCL29-N0,763632,N0
NSE,CIFC28,CIFC28-NB,17964,NB
NSE,CIFC26A,CIFC26A-N9,17952,N9
NSE,CIF29,CIF29-NO,22558,NO
NSE,CIF27,CIF27-NM,22553,NM
NSE,CIEINDIA,CIEINDIA-EQ,14937,EQ
NSE,CHOLAHLDNG,CHOLAHLDNG-EQ,21740,EQ
NSE,CHOLAFIN,CHOLAFIN-EQ,685,EQ
NSE,CHOLAFIN,CHOLAFIN-D1,19257,D1
NSE,CHOICEIN,CHOICEIN-EQ,8866,EQ
NSE,CHOICEGOLD,CHOICEGOLD-EQ,759610,EQ
NSE,CHEVIOT,CHEVIOT-EQ,9879,EQ
NSE,CHETANA,CHETANA-ST,24628,ST
NSE,CHENNPETRO,CHENNPETRO-EQ,2049,EQ
NSE,CHEMPLASTS,CHEMPLASTS-EQ,5449,EQ
NSE,CHEMICAL,CHEMICAL-EQ,759885,EQ
NSE,CHEMFAB,CHEMFAB-BE,2815,BE
NSE,CHEMCON,CHEMCON-EQ,270,EQ
NSE,CHEMBONDCH,CHEMBONDCH-BE,757991,BE
NSE,CHEMBOND,CHEMBOND-BE,14620,BE
NSE,CHAVDA,CHAVDA-SM,18654,SM
NSE,CHANDAN,CHANDAN-SM,29633,SM
NSE,CHAMUNDA,CHAMUNDA-SM,29541,SM
NSE,CHAMBLFERT,CHAMBLFERT-EQ,637,EQ
NSE,CHALET,CHALET-EQ,8546,EQ
NSE,CGRAPHICS,CGRAPHICS-SM,23468,SM
NSE,CGPOWER,CGPOWER-EQ,760,EQ
NSE,CGCL,CGCL-EQ,20329,EQ
NSE,CEWATER,CEWATER-EQ,28764,EQ
NSE,CESC,CESC-EQ,628,EQ
NSE,CEREBRAINT,CEREBRAINT-BZ,29016,BZ
NSE,CERA,CERA-EQ,15039,EQ
NSE,CENTURYPLY,CENTURYPLY-EQ,13305,EQ
NSE,CENTUM,CENTUM-EQ,14982,EQ
NSE,CENTRUM,CENTRUM-EQ,2454,EQ
NSE,CENTRALBK,CENTRALBK-EQ,14894,EQ
NSE,CENTEXT,CENTEXT-EQ,11511,EQ
NSE,CENTENKA,CENTENKA-EQ,619,EQ
NSE,CEMPRO,CEMPRO-EQ,5622,EQ
NSE,CELLPOINT,CELLPOINT-SM,16950,SM
NSE,CELLO,CELLO-EQ,19795,EQ
NSE,CELLECOR,CELLECOR-ST,18811,ST
NSE,CELEBRITY,CELEBRITY-EQ,13162,EQ
NSE,CEINSYS,CEINSYS-EQ,761037,EQ
NSE,CEIGALL,CEIGALL-EQ,24742,EQ
NSE,CEDAAR,CEDAAR-SM,757687,SM
NSE,CEATLTD,CEATLTD-EQ,15254,EQ
NSE,CDSL,CDSL-EQ,21174,EQ
NSE,CCL,CCL-EQ,11452,EQ
NSE,CCHHL,CCHHL-EQ,6385,EQ
NSE,CCCL,CCCL-EQ,14992,EQ
NSE,CCAVENUE,CCAVENUE-EQ,16249,EQ
NSE,CBAZAAR,CBAZAAR-SM,20406,SM
NSE,CASTROLIND,CASTROLIND-EQ,1250,EQ
NSE,CASHIETF,CASHIETF-EQ,30139,EQ
NSE,CARYSIL,CARYSIL-EQ,1879,EQ
NSE,CARTRADE,CARTRADE-EQ,5407,EQ
NSE,CARRARO,CARRARO-EQ,28879,EQ
NSE,CARERATING,CARERATING-EQ,29113,EQ
NSE,CARBORUNIV,CARBORUNIV-EQ,595,EQ
NSE,CAPTRUST,CAPTRUST-BE,19451,BE
NSE,CAPLIPOINT,CAPLIPOINT-EQ,3906,EQ
NSE,CAPITALSFB,CAPITALSFB-EQ,22675,EQ
NSE,CAPINVIT,CAPINVIT-IV,29157,IV
NSE,CAPILLARY,CAPILLARY-EQ,759867,EQ
NSE,CAPACITE,CAPACITE-EQ,21749,EQ
NSE,CANTABIL,CANTABIL-EQ,20160,EQ
NSE,CANHLIFE,CANHLIFE-EQ,759477,EQ
NSE,CANFINHOME,CANFINHOME-EQ,583,EQ
NSE,CANBK,CANBK-EQ,10794,EQ
NSE,CANARYS,CANARYS-SM,19368,SM
NSE,CAMS,CAMS-EQ,342,EQ
NSE,CAMPUS,CAMPUS-EQ,9362,EQ
NSE,CAMLINFINE,CAMLINFINE-EQ,6216,EQ
NSE,CALSOFT,CALSOFT-BE,8400,BE
NSE,CAGL28,CAGL28-NE,18498,NE
NSE,CAGL27A,CAGL27A-N6,12471,N6
NSE,CAGL27,CAGL27-NC,18485,NC
NSE,CADSYS,CADSYS-ST,21824,ST
NSE,C2C,C2C-SM,27274,SM
NSE,BYKE,BYKE-EQ,7919,EQ
NSE,BVCL,BVCL-EQ,15073,EQ
NSE,BUTTERFLY,BUTTERFLY-EQ,2716,EQ
NSE,BULKCORP,BULKCORP-SM,24701,SM
NSE,BUILDPRO,BUILDPRO-EQ,760594,EQ
NSE,BTTL,BTTL-EQ,762618,EQ
NSE,BTML,BTML-EQ,14150,EQ
NSE,BSOFT,BSOFT-EQ,6994,EQ
NSE,BSLSENETFG,BSLSENETFG-EQ,5957,EQ
NSE,BSLNIFTY,BSLNIFTY-EQ,24781,EQ
NSE,BSLIQPIRG,BSLIQPIRG-MF,22853,MF
NSE,BSLIQPIRDP,BSLIQPIRDP-MF,22850,MF
NSE,BSLIQPIIDP,BSLIQPIIDP-MF,22844,MF
NSE,BSLIFQPIDG,BSLIFQPIDG-MF,29556,MF
NSE,BSLGOLDETF,BSLGOLDETF-EQ,23804,EQ
NSE,BSL,BSL-EQ,559,EQ
NSE,BSHSL,BSHSL-BE,812,BE
NSE,BSE500IETF,BSE500IETF-EQ,3001,EQ
NSE,BSE,BSE-EQ,19585,EQ
NSE,BROOKS,BROOKS-BE,25140,BE
NSE,BRNL,BRNL-EQ,21683,EQ
NSE,BRITANNIA,BRITANNIA-EQ,547,EQ
NSE,BRIGHOTEL,BRIGHOTEL-EQ,757794,EQ
NSE,BRIGADE,BRIGADE-EQ,15184,EQ
NSE,BRANDMAN,BRANDMAN-ST,760975,ST
NSE,BRACEPORT,BRACEPORT-SM,24905,SM
NSE,BPL,BPL-EQ,530,EQ
NSE,BPF02RWR,BPF02RWR-MF,18163,MF
NSE,BPF02RMR,BPF02RMR-MF,18162,MF
NSE,BPF02RMD,BPF02RMD-MF,18161,MF
NSE,BPF02RGG,BPF02RGG-MF,18160,MF
NSE,BPF02RDR,BPF02RDR-MF,18095,MF
NSE,BPF02IWR,BPF02IWR-MF,18094,MF
NSE,BPF02IQR,BPF02IQR-MF,18093,MF
NSE,BPF02IQD,BPF02IQD-MF,18067,MF
NSE,BPF02IMR,BPF02IMR-MF,18066,MF
NSE,BPF02IMD,BPF02IMD-MF,18065,MF
NSE,BPF02IGG,BPF02IGG-MF,18064,MF
NSE,BPF02IDR,BPF02IDR-MF,18063,MF
NSE,BPF02D5R,BPF02D5R-MF,18062,MF
NSE,BPF02D4R,BPF02D4R-MF,18010,MF
NSE,BPF02D4D,BPF02D4D-MF,18009,MF
NSE,BPF02D3R,BPF02D3R-MF,18008,MF
NSE,BPF02D3D,BPF02D3D-MF,18007,MF
NSE,BPF02D2G,BPF02D2G-MF,18006,MF
NSE,BPF02D1R,BPF02D1R-MF,18005,MF
NSE,BPF01QDR,BPF01QDR-MF,18173,MF
NSE,BPF01QDD,BPF01QDD-MF,18172,MF
NSE,BPF01MDR,BPF01MDR-MF,18171,MF
NSE,BPF01MDD,BPF01MDD-MF,18170,MF
NSE,BPF01GPG,BPF01GPG-MF,18169,MF
NSE,BPF01D3R,BPF01D3R-MF,18168,MF
NSE,BPF01D3D,BPF01D3D-MF,18167,MF
NSE,BPF01D2G,BPF01D2G-MF,18166,MF
NSE,BPF01D1R,BPF01D1R-MF,18165,MF
NSE,BPF01D1D,BPF01D1D-MF,18164,MF
NSE,BPCL,BPCL-EQ,526,EQ
NSE,BOSS,BOSS-SM,25119,SM
NSE,BOSCHLTD,BOSCHLTD-EQ,2181,EQ
NSE,BOSCH-HCIL,BOSCH-HCIL-EQ,4491,EQ
NSE,BOROSCI,BOROSCI-EQ,24014,EQ
NSE,BORORENEW,BORORENEW-EQ,3149,EQ
NSE,BOROLTD,BOROLTD-EQ,19401,EQ
NSE,BORANA,BORANA-EQ,757919,EQ
NSE,BONLON,BONLON-EQ,761056,EQ
NSE,BOMDYEING,BOMDYEING-EQ,513,EQ
NSE,BOHRAIND,BOHRAIND-EQ,11640,EQ
NSE,BODALCHEM,BODALCHEM-BE,25021,BE
NSE,BNALTD,BNALTD-EQ,762613,EQ
NSE,BNAGROCHEM,BNAGROCHEM-BE,762611,BE
NSE,BMWVENTLTD,BMWVENTLTD-EQ,759256,EQ
NSE,BMLL,BMLL-SM,763598,SM
NSE,BMETRICS,BMETRICS-SM,6052,SM
NSE,BLUSPRING,BLUSPRING-EQ,757520,EQ
NSE,BLUEWATER,BLUEWATER-ST,758185,ST
NSE,BLUESTONE,BLUESTONE-EQ,759291,EQ
NSE,BLUESTARCO,BLUESTARCO-EQ,8311,EQ
NSE,BLUEPEBBLE,BLUEPEBBLE-SM,23410,SM
NSE,BLUEJET,BLUEJET-EQ,19686,EQ
NSE,BLUEDART,BLUEDART-EQ,495,EQ
NSE,BLUECOAST,BLUECOAST-BE,8552,BE
NSE,BLSE,BLSE-EQ,22566,EQ
NSE,BLS,BLS-EQ,17279,EQ
NSE,BLKASHYAP,BLKASHYAP-EQ,13290,EQ
NSE,BLISSGVS,BLISSGVS-EQ,19265,EQ
NSE,BLIL,BLIL-EQ,762603,EQ
NSE,BLBLIMITED,BLBLIMITED-EQ,8132,EQ
NSE,BLAL,BLAL-EQ,15067,EQ
NSE,BLACKROSE,BLACKROSE-EQ,762598,EQ
NSE,BLACKBUCK,BLACKBUCK-EQ,27144,EQ
NSE,BIRLAPREC,BIRLAPREC-EQ,762593,EQ
NSE,BIRLANU,BIRLANU-EQ,1455,EQ
NSE,BIRLAMONEY,BIRLAMONEY-EQ,15239,EQ
NSE,BIRLACORPN,BIRLACORPN-EQ,480,EQ
NSE,BIRLACABLE,BIRLACABLE-BE,6815,BE
NSE,BIRET,BIRET-RR,2203,RR
NSE,BIRDYS,BIRDYS-ST,23562,ST
NSE,BIOPOL,BIOPOL-SM,760942,SM
NSE,BIOFILCHEM,BIOFILCHEM-EQ,4136,EQ
NSE,BIOCON,BIOCON-EQ,11373,EQ
NSE,BIMETAL,BIMETAL-EQ,762588,EQ
NSE,BILVYAPAR,BILVYAPAR-BE,13622,BE
NSE,BIL,BIL-EQ,7848,EQ
NSE,BIKEWO,BIKEWO-ST,25527,ST
NSE,BIKAJI,BIKAJI-EQ,11966,EQ
NSE,BIGBLOC,BIGBLOC-EQ,18431,EQ
NSE,BI,BI-EQ,762583,EQ
NSE,BHEL,BHEL-EQ,438,EQ
NSE,BHARTIHEXA,BHARTIHEXA-EQ,23489,EQ
NSE,BHARTIARTL,BHARTIARTL-EQ,10604,EQ
NSE,BHARATWIRE,BHARATWIRE-EQ,16123,EQ
NSE,BHARATSE,BHARATSE-EQ,30244,EQ
NSE,BHARATRAS,BHARATRAS-EQ,3834,EQ
NSE,BHARATGEAR,BHARATGEAR-EQ,426,EQ
NSE,BHARATFORG,BHARATFORG-EQ,422,EQ
NSE,BHARATCOAL,BHARATCOAL-EQ,760726,EQ
NSE,BHANDARI,BHANDARI-BE,19560,BE
NSE,BHAGYANGR,BHAGYANGR-BE,20799,BE
NSE,BHAGERIA,BHAGERIA-EQ,13400,EQ
NSE,BHAGCHEM,BHAGCHEM-EQ,6164,EQ
NSE,BHADORA,BHADORA-SM,758225,SM
NSE,BGRENERGY,BGRENERGY-BE,15193,BE
NSE,BFUTILITIE,BFUTILITIE-EQ,14567,EQ
NSE,BFSI,BFSI-EQ,5220,EQ
NSE,BFINVEST,BFINVEST-EQ,21113,EQ
NSE,BEWLTD,BEWLTD-SM,5662,SM
NSE,BETA,BETA-EQ,759842,EQ
NSE,BESTAGRO,BESTAGRO-EQ,2306,EQ
NSE,BERGEPAINT,BERGEPAINT-EQ,404,EQ
NSE,BEPL,BEPL-EQ,419,EQ
NSE,BENGALASM,BENGALASM-EQ,762578,EQ
NSE,BEML,BEML-EQ,395,EQ
NSE,BELRISE,BELRISE-EQ,757102,EQ
NSE,BELLACASA,BELLACASA-EQ,757938,EQ
NSE,BEL,BEL-EQ,383,EQ
NSE,BEEKAY,BEEKAY-EQ,762573,EQ
NSE,BEDMUTHA,BEDMUTHA-EQ,20196,EQ
NSE,BECTORFOOD,BECTORFOOD-EQ,1628,EQ
NSE,BEARDSELL,BEARDSELL-EQ,17933,EQ
NSE,BEACON,BEACON-ST,23925,ST
NSE,BDR,BDR-IT,4294,IT
NSE,BDL,BDL-EQ,2144,EQ
NSE,BCPL,BCPL-EQ,761494,EQ
NSE,BCONCEPTS,BCONCEPTS-EQ,7780,EQ
NSE,BCLIND,BCLIND-EQ,2513,EQ
NSE,BCG,BCG-EQ,8833,EQ
NSE,BBTCL,BBTCL-EQ,12153,EQ
NSE,BBTC,BBTC-EQ,380,EQ
NSE,BBOX,BBOX-EQ,3435,EQ
NSE,BBNPPGOLD,BBNPPGOLD-EQ,20547,EQ
NSE,BBNPNBETF,BBNPNBETF-EQ,24117,EQ
NSE,BBL,BBL-EQ,13761,EQ
NSE,BBETF0432,BBETF0432-EQ,7196,EQ
NSE,BAYERCROP,BAYERCROP-EQ,17927,EQ
NSE,BAWEJA,BAWEJA-ST,22574,ST
NSE,BATLIBOI,BATLIBOI-EQ,762568,EQ
NSE,BATAINDIA,BATAINDIA-EQ,371,EQ
NSE,BASML,BASML-EQ,12034,EQ
NSE,BASILIC,BASILIC-SM,18442,SM
NSE,BASF,BASF-EQ,368,EQ
NSE,BARFLEX,BARFLEX-SM,29176,SM
NSE,BANSWRAS,BANSWRAS-EQ,14511,EQ
NSE,BANSALWIRE,BANSALWIRE-EQ,24386,EQ
NSE,BANKPSU,BANKPSU-EQ,25725,EQ
NSE,BANKNIFTY1,BANKNIFTY1-EQ,5851,EQ
NSE,BANKINDIA,BANKINDIA-EQ,4745,EQ
NSE,BANKIETF,BANKIETF-EQ,11037,EQ
NSE,BANKETF,BANKETF-EQ,17419,EQ
NSE,BANKBETF,BANKBETF-EQ,21986,EQ
NSE,BANKBETA,BANKBETA-EQ,22440,EQ
NSE,BANKBEES,BANKBEES-EQ,11439,EQ
NSE,BANKBARODA,BANKBARODA-EQ,4668,EQ
NSE,BANKADD,BANKADD-EQ,13644,EQ
NSE,BANKA,BANKA-BE,828,BE
NSE,BANK10ADD,BANK10ADD-EQ,761364,EQ
NSE,BANG,BANG-EQ,15303,EQ
NSE,BANDHANBNK,BANDHANBNK-EQ,2263,EQ
NSE,BANCOINDIA,BANCOINDIA-EQ,13880,EQ
NSE,BANARISUG,BANARISUG-EQ,350,EQ
NSE,BANARBEADS,BANARBEADS-EQ,347,EQ
NSE,BALUFORGE,BALUFORGE-EQ,23607,EQ
NSE,BALRAMCHIN,BALRAMCHIN-EQ,341,EQ
NSE,BALPHARMA,BALPHARMA-EQ,13441,EQ
NSE,BALMLAWRIE,BALMLAWRIE-EQ,338,EQ
NSE,BALKRISIND,BALKRISIND-EQ,335,EQ
NSE,BALKRISHNA,BALKRISHNA-EQ,10181,EQ
NSE,BALCO,BALCO-ST,24882,ST
NSE,BALAXI,BALAXI-BE,11314,BE
NSE,BALAMINES,BALAMINES-EQ,14501,EQ
NSE,BALAJITELE,BALAJITELE-EQ,9158,EQ
NSE,BALAJIPHOS,BALAJIPHOS-SM,30030,SM
NSE,BALAJEE,BALAJEE-EQ,25203,EQ
NSE,BAJFINANCE,BAJFINANCE-EQ,317,EQ
NSE,BAJEL,BAJEL-EQ,20531,EQ
NSE,BAJAJST,BAJAJST-EQ,762563,EQ
NSE,BAJAJINDEF,BAJAJINDEF-EQ,29678,EQ
NSE,BAJAJHLDNG,BAJAJHLDNG-EQ,305,EQ
NSE,BAJAJHIND,BAJAJHIND-EQ,308,EQ
NSE,BAJAJHFL,BAJAJHFL-EQ,25270,EQ
NSE,BAJAJHCARE,BAJAJHCARE-EQ,6863,EQ
NSE,BAJAJFINSV,BAJAJFINSV-EQ,16675,EQ
NSE,BAJAJELEC,BAJAJELEC-EQ,15034,EQ
NSE,BAJAJCON,BAJAJCON-EQ,19531,EQ
NSE,BAJAJ-AUTO,BAJAJ-AUTO-EQ,16669,EQ
NSE,BAIDFIN,BAIDFIN-EQ,13794,EQ
NSE,BAHETI,BAHETI-SM,12989,SM
NSE,BAGMANE,BAGMANE-RR,763363,RR
NSE,BAGFILMS,BAGFILMS-EQ,11226,EQ
NSE,BAGDIGITAL,BAGDIGITAL-SM,759420,SM
NSE,BAFNAPH,BAFNAPH-BE,17735,BE
NSE,BABAFP,BABAFP-SM,20141,SM
NSE,AZAD,AZAD-EQ,20905,EQ
NSE,AYMSYNTEX,AYMSYNTEX-EQ,10285,EQ
NSE,AYE,AYE-EQ,760981,EQ
NSE,AXSENSEX,AXSENSEX-EQ,14742,EQ
NSE,AXITA,AXITA-EQ,9902,EQ
NSE,AXISVALUE,AXISVALUE-EQ,30155,EQ
NSE,AXISTECETF,AXISTECETF-EQ,3010,EQ
NSE,AXISNIFTY,AXISNIFTY-EQ,21252,EQ
NSE,AXISILVER,AXISILVER-EQ,11193,EQ
NSE,AXISHCETF,AXISHCETF-EQ,3608,EQ
NSE,AXISGOLD,AXISGOLD-EQ,20532,EQ
NSE,AXISCETF,AXISCETF-EQ,5732,EQ
NSE,AXISCADES,AXISCADES-EQ,9436,EQ
NSE,AXISBNKETF,AXISBNKETF-EQ,1044,EQ
NSE,AXISBANK,AXISBANK-EQ,5900,EQ
NSE,AWL,AWL-EQ,8110,EQ
NSE,AWHCL,AWHCL-EQ,1797,EQ
NSE,AWFIS,AWFIS-EQ,23864,EQ
NSE,AVTNPL,AVTNPL-EQ,14008,EQ
NSE,AVTL29,AVTL29-N0,760561,N0
NSE,AVSL,AVSL-ST,18693,ST
NSE,AVROIND,AVROIND-EQ,8827,EQ
NSE,AVPINFRA,AVPINFRA-SM,23159,SM
NSE,AVONMORE,AVONMORE-EQ,13557,EQ
NSE,AVL,AVL-EQ,25984,EQ
NSE,AVIANSH,AVIANSH-SM,25520,SM
NSE,AVG,AVG-EQ,15589,EQ
NSE,AVATAR,AVATAR-ST,20503,ST
NSE,AVANTIFEED,AVANTIFEED-EQ,7936,EQ
NSE,AVANTEL,AVANTEL-EQ,24610,EQ
NSE,AVANA,AVANA-ST,760736,ST
NSE,AVALON,AVALON-EQ,15058,EQ
NSE,AVADHSUGAR,AVADHSUGAR-BE,21410,BE
NSE,AUTOIND,AUTOIND-BE,14110,BE
NSE,AUTOIETF,AUTOIETF-EQ,7844,EQ
NSE,AUTOBEES,AUTOBEES-EQ,7880,EQ
NSE,AUTOAXLES,AUTOAXLES-EQ,278,EQ
NSE,AUSOMENT,AUSOMENT-BE,9035,BE
NSE,AUSL,AUSL-SM,25248,SM
NSE,AURUM,AURUM-EQ,10310,EQ
NSE,AUROPHARMA,AUROPHARMA-EQ,275,EQ
NSE,AUROIMPEX,AUROIMPEX-SM,15869,SM
NSE,AURIONPRO,AURIONPRO-EQ,12022,EQ
NSE,AURIGROW,AURIGROW-EQ,1607,EQ
NSE,AUBANK,AUBANK-EQ,21238,EQ
NSE,ATULAUTO,ATULAUTO-EQ,30023,EQ
NSE,ATUL,ATUL-EQ,263,EQ
NSE,ATMASTCO,ATMASTCO-ST,22788,ST
NSE,ATLPP,ATLPP-E1,760953,E1
NSE,ATLASCYCLE,ATLASCYCLE-EQ,4568,EQ
NSE,ATLANTAELE,ATLANTAELE-BE,759009,BE
NSE,ATLANTAA,ATLANTAA-EQ,13585,EQ
NSE,ATL,ATL-EQ,17778,EQ
NSE,ATHERENERG,ATHERENERG-EQ,757645,EQ
NSE,ATGL,ATGL-EQ,6066,EQ
NSE,ATCENERGY,ATCENERGY-ST,756405,ST
NSE,ATAM,ATAM-EQ,15404,EQ
NSE,ATALREAL,ATALREAL-EQ,15649,EQ
NSE,ASTRON,ASTRON-BE,880,BE
NSE,ASTRAZEN,ASTRAZEN-EQ,5610,EQ
NSE,ASTRAMICRO,ASTRAMICRO-EQ,11618,EQ
NSE,ASTRAL,ASTRAL-EQ,14418,EQ
NSE,ASTERDM,ASTERDM-EQ,1508,EQ
NSE,ASTEC,ASTEC-EQ,17728,EQ
NSE,ASTAR,ASTAR-EQ,762553,EQ
NSE,ASPIRE,ASPIRE-SM,23396,SM
NSE,ASPINWALL,ASPINWALL-EQ,17270,EQ
NSE,ASMS,ASMS-EQ,14064,EQ
NSE,ASKAUTOLTD,ASKAUTOLTD-EQ,20152,EQ
NSE,ASIFRG,ASIFRG-SF,759228,SF
NSE,ASIFRD,ASIFRD-SF,759226,SF
NSE,ASIFDG,ASIFDG-SF,759224,SF
NSE,ASIANTILES,ASIANTILES-EQ,14889,EQ
NSE,ASIANPAINT,ASIANPAINT-EQ,236,EQ
NSE,ASIANHOTNR,ASIANHOTNR-EQ,18422,EQ
NSE,ASIANENE,ASIANENE-EQ,7030,EQ
NSE,ASHWINI,ASHWINI-SM,760418,SM
NSE,ASHOKLEY,ASHOKLEY-EQ,212,EQ
NSE,ASHOKAMET,ASHOKAMET-EQ,16943,EQ
NSE,ASHOKA,ASHOKA-EQ,20182,EQ
NSE,ASHIMASYN,ASHIMASYN-EQ,206,EQ
NSE,ASHIKA,ASHIKA-EQ,762548,EQ
NSE,ASHIANA,ASHIANA-EQ,24403,EQ
NSE,ASHAPURMIN,ASHAPURMIN-EQ,203,EQ
NSE,ASHALOG,ASHALOG-SM,24711,SM
NSE,ASCOM,ASCOM-ST,15030,ST
NSE,ASALCBR,ASALCBR-EQ,17598,EQ
NSE,ASAL,ASAL-EQ,10634,EQ
NSE,ASAHISONG,ASAHISONG-EQ,25088,EQ
NSE,ASAHIINDIA,ASAHIINDIA-EQ,5378,EQ
NSE,ARVSMART,ARVSMART-EQ,10457,EQ
NSE,ARVINDPORT,ARVINDPORT-ST,19587,ST
NSE,ARVINDFASN,ARVINDFASN-EQ,9111,EQ
NSE,ARVIND,ARVIND-EQ,193,EQ
NSE,ARVEE,ARVEE-EQ,2814,EQ
NSE,ARUNAYA,ARUNAYA-ST,756899,ST
NSE,ARTNIRMAN,ARTNIRMAN-EQ,6156,EQ
NSE,ARTEMISMED,ARTEMISMED-EQ,16913,EQ
NSE,ARSSBL,ARSSBL-EQ,759956,EQ
NSE,ARSIFHRMD,ARSIFHRMD-SF,761542,SF
NSE,ARSIFHRHD,ARSIFHRHD-SF,761546,SF
NSE,ARSIFHRG,ARSIFHRG-SF,761540,SF
NSE,ARSIFHDG,ARSIFHDG-SF,761544,SF
NSE,ARSIFHDAD,ARSIFHDAD-SF,762401,SF
NSE,ARSHIYA,ARSHIYA-BZ,29015,BZ
NSE,ARROWGREEN,ARROWGREEN-BE,9264,BE
NSE,AROGRANITE,AROGRANITE-EQ,14557,EQ
NSE,ARMOUR,ARMOUR-SM,760749,SM
NSE,ARMANFIN,ARMANFIN-EQ,17263,EQ
NSE,ARKADE,ARKADE-EQ,25398,EQ
NSE,ARISTO,ARISTO-ST,13931,ST
NSE,ARIS,ARIS-EQ,757614,EQ
NSE,ARIHANTSUP,ARIHANTSUP-EQ,20159,EQ
NSE,ARIHANTCAP,ARIHANTCAP-EQ,3813,EQ
NSE,ARIHANTACA,ARIHANTACA-SM,13340,SM
NSE,ARIHANT,ARIHANT-EQ,13885,EQ
NSE,ARIES,ARIES-EQ,15204,EQ
NSE,ARHAM,ARHAM-SM,13092,SM
NSE,ARFIN,ARFIN-EQ,758700,EQ
NSE,ARENTERP,ARENTERP-EQ,181,EQ
NSE,ARE&M,ARE&M-EQ,100,EQ
NSE,ARCIIL,ARCIIL-ST,758673,ST
NSE,ARCHIES,ARCHIES-EQ,5688,EQ
NSE,ARCHIDPLY,ARCHIDPLY-EQ,16795,EQ
NSE,ARABIAN,ARABIAN-SM,19253,SM
NSE,AQYLON,AQYLON-EQ,23365,EQ
NSE,APTUS,APTUS-EQ,5435,EQ
NSE,APTECHT,APTECHT-EQ,10755,EQ
NSE,APSISAERO,APSISAERO-ST,761435,ST
NSE,APSIFHLSRG,APSIFHLSRG-SF,761607,SF
NSE,APSIFHLSRD,APSIFHLSRD-SF,761605,SF
NSE,APSIFHLSDG,APSIFHLSDG-SF,761603,SF
NSE,APSIFHLSDD,APSIFHLSDD-SF,761601,SF
NSE,APS,APS-SM,21451,SM
NSE,APRAMEYA,APRAMEYA-SM,24638,SM
NSE,APOLSINHOT,APOLSINHOT-EQ,6302,EQ
NSE,APOLLOTYRE,APOLLOTYRE-EQ,163,EQ
NSE,APOLLOPIPE,APOLLOPIPE-EQ,14361,EQ
NSE,APOLLOHOSP,APOLLOHOSP-EQ,157,EQ
NSE,APOLLO,APOLLO-EQ,1134,EQ
NSE,APLLTD,APLLTD-EQ,25328,EQ
NSE,APLAPOLLO,APLAPOLLO-EQ,25780,EQ
NSE,APEXECO,APEXECO-ST,27291,ST
NSE,APEX,APEX-EQ,21623,EQ
NSE,APCOTEXIND,APCOTEXIND-EQ,154,EQ
NSE,APCL,APCL-EQ,20453,EQ
NSE,APARINDS,APARINDS-EQ,11491,EQ
NSE,AONETOTAL,AONETOTAL-EQ,29975,EQ
NSE,AONETMMQ50,AONETMMQ50-EQ,759992,EQ
NSE,AONESILVER,AONESILVER-EQ,760193,EQ
NSE,AONENIFTY,AONENIFTY-EQ,757096,EQ
NSE,AONELIQUID,AONELIQUID-EQ,30472,EQ
NSE,AONEGOLD,AONEGOLD-EQ,758904,EQ
NSE,ANZEN,ANZEN-IV,11945,IV
NSE,ANZEN,ANZEN-BL,11948,BL
NSE,ANYA,ANYA-SM,28983,SM
NSE,ANURAS,ANURAS-EQ,2829,EQ
NSE,ANUP,ANUP-EQ,9014,EQ
NSE,ANUHPHR,ANUHPHR-EQ,28314,EQ
NSE,ANTHEM,ANTHEM-EQ,757885,EQ
NSE,ANTGRAPHIC,ANTGRAPHIC-EQ,5194,EQ
NSE,ANTELOPUS,ANTELOPUS-EQ,13598,EQ
NSE,ANSALAPI,ANSALAPI-BZ,19677,BZ
NSE,ANONDITA,ANONDITA-SM,758740,SM
NSE,ANNAPURNA,ANNAPURNA-SM,11198,SM
NSE,ANMOL,ANMOL-EQ,3727,EQ
NSE,ANLON,ANLON-ST,13664,ST
NSE,ANKITMETAL,ANKITMETAL-BZ,25878,BZ
NSE,ANIKINDS,ANIKINDS-BE,16661,BE
NSE,ANGELONE,ANGELONE-EQ,324,EQ
NSE,ANDHRSUGAR,ANDHRSUGAR-EQ,136,EQ
NSE,ANDHRAPAP,ANDHRAPAP-EQ,166,EQ
NSE,ANANTRAJ,ANANTRAJ-EQ,13620,EQ
NSE,ANANTAM,ANANTAM-IV,759363,IV
NSE,ANANDRATHI,ANANDRATHI-EQ,7145,EQ
NSE,AMRUTANJAN,AMRUTANJAN-EQ,17547,EQ
NSE,AMNPLST,AMNPLST-EQ,19867,EQ
NSE,AMJLAND,AMJLAND-EQ,2598,EQ
NSE,AMIRCHAND,AMIRCHAND-EQ,761670,EQ
NSE,AMIABLE,AMIABLE-SM,11939,SM
NSE,AMEYA,AMEYA-SM,10898,SM
NSE,AMDIND,AMDIND-EQ,14398,EQ
NSE,AMCL,AMCL-SM,758427,SM
NSE,AMBUJACEM,AMBUJACEM-EQ,1270,EQ
NSE,AMBIKCO,AMBIKCO-EQ,15234,EQ
NSE,AMBICAAGAR,AMBICAAGAR-EQ,11496,EQ
NSE,AMBER,AMBER-EQ,1185,EQ
NSE,AMBANIORGO,AMBANIORGO-SM,4083,SM
NSE,AMBALALSA,AMBALALSA-EQ,762543,EQ
NSE,AMBAAUTO,AMBAAUTO-SM,763256,SM
NSE,AMANTA,AMANTA-BE,758910,BE
NSE,AMAGI,AMAGI-EQ,760740,EQ
NSE,ALUWIND,ALUWIND-SM,23474,SM
NSE,ALSRP,ALSRP-SF,761597,SF
NSE,ALSRG,ALSRG-SF,761595,SF
NSE,ALSDP,ALSDP-SF,761593,SF
NSE,ALSDG,ALSDG-SF,761591,SF
NSE,ALPL30IETF,ALPL30IETF-EQ,22344,EQ
NSE,ALPHAGEO,ALPHAGEO-EQ,14597,EQ
NSE,ALPHAETF,ALPHAETF-EQ,19640,EQ
NSE,ALPHA27,ALPHA27-N1,22856,N1
NSE,ALPHA,ALPHA-EQ,7412,EQ
NSE,ALPEXSOLAR,ALPEXSOLAR-SM,22688,SM
NSE,ALPA,ALPA-EQ,14848,EQ
NSE,ALOKINDS,ALOKINDS-EQ,17675,EQ
NSE,ALMONDZ,ALMONDZ-EQ,16719,EQ
NSE,ALLTIME,ALLTIME-EQ,758448,EQ
NSE,ALLETEC,ALLETEC-ST,13212,ST
NSE,ALLDIGI,ALLDIGI-EQ,11798,EQ
NSE,ALLCARGO,ALLCARGO-EQ,13501,EQ
NSE,ALKYLAMINE,ALKYLAMINE-EQ,4487,EQ
NSE,ALKEM,ALKEM-EQ,11703,EQ
NSE,ALKALI,ALKALI-BE,16963,BE
NSE,ALIVUS,ALIVUS-EQ,5265,EQ
NSE,ALICON,ALICON-EQ,13656,EQ
NSE,ALGOQUANT,ALGOQUANT-EQ,761270,EQ
NSE,ALEMBICLTD,ALEMBICLTD-EQ,79,EQ
NSE,ALCODIS,ALCODIS-ST,18763,ST
NSE,ALBERTDAVD,ALBERTDAVD-EQ,17256,EQ
NSE,ALANKIT,ALANKIT-EQ,9921,EQ
NSE,AKUMS,AKUMS-EQ,24715,EQ
NSE,AKSHOPTFBR,AKSHOPTFBR-BE,8595,BE
NSE,AKSHARCHEM,AKSHARCHEM-EQ,20178,EQ
NSE,AKSHAR,AKSHAR-EQ,9558,EQ
NSE,AKIKO,AKIKO-ST,24307,ST
NSE,AKI,AKI-EQ,14890,EQ
NSE,AKG,AKG-EQ,2176,EQ
NSE,AKCAPIT,AKCAPIT-EQ,762538,EQ
NSE,AKASH,AKASH-EQ,13510,EQ
NSE,AKANKSHA,AKANKSHA-ST,21132,ST
NSE,AJOONI,AJOONI-EQ,3403,EQ
NSE,AJMERA,AJMERA-EQ,17307,EQ
NSE,AJAXENGG,AJAXENGG-EQ,29624,EQ
NSE,AJANTPHARM,AJANTPHARM-EQ,8124,EQ
NSE,AISL,AISL-SM,482,SM
NSE,AIROLAM,AIROLAM-EQ,6068,EQ
NSE,AIRAN,AIRAN-EQ,9897,EQ
NSE,AIMTRON,AIMTRON-SM,23984,SM
NSE,AILIMITED,AILIMITED-ST,4654,ST
NSE,AIIL,AIIL-EQ,23553,EQ
NSE,AIAENG,AIAENG-EQ,13086,EQ
NSE,AHLWEST,AHLWEST-BE,19370,BE
NSE,AHLUCONT,AHLUCONT-EQ,17833,EQ
NSE,AHLEAST,AHLEAST-EQ,19438,EQ
NSE,AHLADA,AHLADA-EQ,2004,EQ
NSE,AHIMSA,AHIMSA-ST,10770,ST
NSE,AHCL,AHCL-EQ,758968,EQ
NSE,AGUL,AGUL-SM,15147,SM
NSE,AGROPHOS,AGROPHOS-EQ,9046,EQ
NSE,AGRITECH,AGRITECH-BE,11076,BE
NSE,AGNI,AGNI-SM,10491,SM
NSE,AGIIL,AGIIL-EQ,24445,EQ
NSE,AGI,AGI-EQ,1412,EQ
NSE,AGARWALTUF,AGARWALTUF-SM,27309,SM
NSE,AGARWALFT,AGARWALFT-ST,14267,ST
NSE,AGARWALEYE,AGARWALEYE-EQ,29452,EQ
NSE,AGARIND,AGARIND-EQ,3389,EQ
NSE,AFSL,AFSL-EQ,13288,EQ
NSE,AFIL,AFIL-BE,24160,BE
NSE,AFFORDABLE,AFFORDABLE-BE,25857,BE
NSE,AFFLE,AFFLE-EQ,11343,EQ
NSE,AFCONS,AFCONS-EQ,25977,EQ
NSE,AETHER,AETHER-EQ,9810,EQ
NSE,AESTHETIK,AESTHETIK-SM,24830,SM
NSE,AERONEU,AERONEU-EQ,13689,EQ
NSE,AERON,AERON-SM,25065,SM
NSE,AEROFLEX,AEROFLEX-EQ,18268,EQ
NSE,AEROENTER,AEROENTER-EQ,12015,EQ
NSE,AEQUS,AEQUS-EQ,760234,EQ
NSE,AEPL,AEPL-EQ,761330,EQ
NSE,AEL17725,AEL17725-NA,757870,
NSE,AEL170725A,AEL170725A-NG,757876,NG
NSE,AEL170725,AEL170725-ND,757873,ND
NSE,AEL12126,AEL12126-NI,761341,NI
NSE,AEL1212026,AEL1212026-NO,761347,NO
NSE,AEL120924B,AEL120924B-N8,25298,N8
NSE,AEL120924A,AEL120924A-N5,25292,N5
NSE,AEL120924,AEL120924-N2,25280,N2
NSE,AEL120126,AEL120126-NL,761344,NL
NSE,AEGISVOPAK,AEGISVOPAK-EQ,757336,EQ
NSE,AEGISLOG,AEGISLOG-EQ,40,EQ
NSE,ADVENZYMES,ADVENZYMES-EQ,18039,EQ
NSE,ADVENTHTL,ADVENTHTL-EQ,759769,EQ
NSE,ADVANIHOTR,ADVANIHOTR-EQ,14745,EQ
NSE,ADVANCE,ADVANCE-EQ,759402,EQ
NSE,ADVAIT,ADVAIT-EQ,760657,EQ
NSE,ADSL,ADSL-EQ,14813,EQ
NSE,ADROITINFO,ADROITINFO-EQ,4953,EQ
NSE,ADOR,ADOR-EQ,34,EQ
NSE,ADL,ADL-EQ,245,EQ
NSE,ADISOFT,ADISOFT-SM,763156,SM
NSE,ADFFOODS,ADFFOODS-EQ,19761,EQ
NSE,ADDICTIVE,ADDICTIVE-SM,22468,SM
NSE,ADANIPOWER,ADANIPOWER-EQ,17388,EQ
NSE,ADANIPORTS,ADANIPORTS-EQ,15083,EQ
NSE,ADANIGREEN,ADANIGREEN-EQ,3563,EQ
NSE,ADANIENT,ADANIENT-EQ,25,EQ
NSE,ADANIENSOL,ADANIENSOL-EQ,10217,EQ
NSE,ACUTAAS,ACUTAAS-EQ,5578,EQ
NSE,ACTIVEINFR,ACTIVEINFR-SM,30464,SM
NSE,ACSTECH,ACSTECH-EQ,762533,EQ
NSE,ACMESOLAR,ACMESOLAR-EQ,27061,EQ
NSE,ACL,ACL-EQ,15420,EQ
NSE,ACI,ACI-EQ,12024,EQ
NSE,ACETEC,ACETEC-SM,761112,SM
NSE,ACEINTEG,ACEINTEG-EQ,11779,EQ
NSE,ACE,ACE-EQ,13587,EQ
NSE,ACCURACY,ACCURACY-EQ,1465,EQ
NSE,ACCPL,ACCPL-ST,757024,ST
NSE,ACCORD,ACCORD-ST,21218,ST
NSE,ACCENTMIC,ACCENTMIC-SM,20488,SM
NSE,ACCELYA,ACCELYA-EQ,7053,EQ
NSE,ACC,ACC-EQ,22,EQ
NSE,ABSMARINE,ABSMARINE-ST,23786,ST
NSE,ABSLPSE,ABSLPSE-EQ,23806,EQ
NSE,ABSLNN50ET,ABSLNN50ET-EQ,7339,EQ
NSE,ABSLMSCIN,ABSLMSCIN-EQ,761066,EQ
NSE,ABSLLIQUID,ABSLLIQUID-EQ,14518,EQ
NSE,ABSLFTTQRN,ABSLFTTQRN-MF,8678,MF
NSE,ABSLFTTQRG,ABSLFTTQRG-MF,8677,MF
NSE,ABSLFTTQDG,ABSLFTTQDG-MF,8676,MF
NSE,ABSLFTTJRN,ABSLFTTJRN-MF,5107,MF
NSE,ABSLFTTJRG,ABSLFTTJRG-MF,5106,MF
NSE,ABSLFTTJDN,ABSLFTTJDN-MF,5105,MF
NSE,ABSLFTTJDG,ABSLFTTJDG-MF,5104,MF
NSE,ABSLFTTIRN,ABSLFTTIRN-MF,4972,MF
NSE,ABSLFTTIRG,ABSLFTTIRG-MF,4969,MF
NSE,ABSLFTTIDN,ABSLFTTIDN-MF,4964,MF
NSE,ABSLFTTIDG,ABSLFTTIDG-MF,4962,MF
NSE,ABSLBANETF,ABSLBANETF-EQ,13987,EQ
NSE,ABSLAMC,ABSLAMC-EQ,6018,EQ
NSE,ABSL10BANK,ABSL10BANK-EQ,760247,EQ
NSE,ABREL,ABREL-EQ,625,EQ
NSE,ABNINT,ABNINT-IT,8588,IT
NSE,ABMKNO,ABMKNO-EQ,762528,EQ
NSE,ABMINTLLTD,ABMINTLLTD-EQ,5549,EQ
NSE,ABLBL,ABLBL-EQ,756843,EQ
NSE,ABINFRA,ABINFRA-EQ,27020,EQ
NSE,ABHF26625,ABHF26625-N0,757529,N0
NSE,ABHAPOWER,ABHAPOWER-SM,27284,SM
NSE,ABGSEC,ABGSEC-EQ,24404,EQ
NSE,ABFRL,ABFRL-EQ,30108,EQ
NSE,ABDL,ABDL-EQ,24308,EQ
NSE,ABCRESET28,ABCRESET28-N0,759067,N0
NSE,ABCRESET27,ABCRESET27-NM,755961,NM
NSE,ABCOTS,ABCOTS-EQ,759130,EQ
NSE,ABCL28,ABCL28-N6,755945,N6
NSE,ABCL26,ABCL26-N3,755942,N3
NSE,ABCL020925,ABCL020925-N0,758993,N0
NSE,ABCAPITAL,ABCAPITAL-EQ,21614,EQ
NSE,ABBOTINDIA,ABBOTINDIA-EQ,17903,EQ
NSE,ABB,ABB-EQ,13,EQ
NSE,ABANSENT,ABANSENT-BE,762526,BE
NSE,AAVAS,AAVAS-EQ,5385,EQ
NSE,AATMAJ,AATMAJ-SM,16961,SM
NSE,AARVI,AARVI-EQ,19073,EQ
NSE,AARTISURF,AARTISURF-P1,12121,P1
NSE,AARTISURF,AARTISURF-EQ,19233,EQ
NSE,AARTIPHARM,AARTIPHARM-EQ,13868,EQ
NSE,AARTIIND,AARTIIND-EQ,7,EQ
NSE,AARTIDRUGS,AARTIDRUGS-EQ,4481,EQ
NSE,AARTECH,AARTECH-EQ,17145,EQ
NSE,AARON,AARON-EQ,1030,EQ
NSE,AARNAV,AARNAV-EQ,761821,EQ
NSE,AAREYDRUGS,AAREYDRUGS-BE,5248,BE
NSE,AARADHYA,AARADHYA-SM,758120,SM
NSE,AAKASH,AAKASH-EQ,235,EQ
NSE,AAKAAR,AAKAAR-SM,757579,SM
NSE,AAFS34A,AAFS34A-N5,23671,N5
